event_id,event_time,user_id,platform,item_id,referrer
0000157970c74089b876161e21154e5d,2018-06-26T13:21:38.000+0000,256177,web,1648,home
000095cc12ed40f2a386630ed9aa465b,2018-07-09T13:42:12.000+0000,287491,web,390,google_search
00009c5122b04bc09d7677b5bae641c8,2017-10-06T14:33:32.000+0000,198519,mobile web,3241,shopping_cart
0000ac00b5b741a8928a911dc3448cb2,2014-07-25T22:40:56.000+0000,31861,web,2260,home
0000b5cd8dde425599a6afdd6237c155,2018-06-27T08:37:30.000+0000,271734,web,3747,shopping_cart
00015a1e375441328232db147a6bc34e,2018-04-07T02:14:08.000+0000,283465,web,2889,home
0001bc181d374fd6a01ede0b32934d75,2018-07-12T07:06:05.000+0000,271291,web,1279,google_search
0001d177b6ad410b8587fbea553810c8,2015-10-15T04:04:24.000+0000,67361,android,3014,item_page
0001fd08f7e745f2903a4a34a046bcce,2017-11-09T02:51:54.000+0000,237955,web,1424,google_search
0002025142cd4ebe8f95a5c9e6fe9574,2018-10-11T09:08:13.000+0000,297994,iOS,3900,google_search
00020d658efc4e7498d42c2072c3e72d,2015-02-27T01:05:10.000+0000,57053,android,1126,home
0002a162383c44ec864305e4a9fd4193,2016-08-28T12:09:37.000+0000,145090,iOS,2430,home
0002b1150042493c856b90abfc00ce2e,2017-10-31T20:56:57.000+0000,239551,web,3675,shopping_cart
0002c6e5bf2145759b5aa8f2a5e2bfbb,2017-07-07T08:59:10.000+0000,206123,android,511,item_page
0003078ab0964a72b93e32db30929567,2016-03-30T17:35:16.000+0000,111792,web,2782,promo_email_click
00031f868e0c4bd8bf54c241be3e1605,2017-06-18T18:45:39.000+0000,210121,web,3203,shopping_cart
000359ed46ef48f78a462468f80893f6,2015-06-19T09:24:39.000+0000,63880,iOS,621,shopping_cart
00037c1af5f848a4a9e5a004a6e663c2,2013-09-09T11:58:02.000+0000,4542,web,769,shopping_cart
0003a589651343f5bbe85934873595f8,2018-11-12T03:36:53.000+0000,296576,web,2515,user_wishlist
0003b13ca5154593bfd3a2a8df8eefda,2015-02-17T20:26:11.000+0000,35960,web,1647,item_page
0003d90daced4c1e9ee1032268597025,2017-05-30T10:04:38.000+0000,173391,mobile web,880,shopping_cart
0003e6ff864946a6902608c4729a7fe0,2018-04-17T10:03:28.000+0000,276686,web,659,user_wishlist
0003ec03b0fa497d9ea096ef3bac95db,2018-02-20T06:02:25.000+0000,244864,iOS,1413,home
0003ed6e469943f792fe0e98ba695712,2014-10-08T07:29:41.000+0000,40901,android,1241,item_page
00041adaf24e407bbf2e3e0c17e04daa,2015-02-10T02:07:08.000+0000,49734,web,2700,home
000425fcdfd64e0798a0f5d89df945f6,2015-05-07T10:35:40.000+0000,53954,web,659,user_wishlist
00045611a4db441e974d32ba324ad330,2016-03-14T12:54:52.000+0000,109389,mobile web,1796,promo_email_click
0004c92ab23f4f6586d69ed10ad85e09,2017-01-27T14:30:58.000+0000,145763,android,3997,user_wishlist
000557db81a84e4e93216887273dbf6a,2014-01-11T05:24:34.000+0000,12011,android,2985,item_page
000595e5191d49ddb7509bf67bfbe32e,2017-05-16T05:13:48.000+0000,179701,web,2058,shopping_cart
0005df616e6e42b29343666fc2f0b7d4,2018-03-20T08:39:01.000+0000,276903,mobile web,1759,home
00060306d12f45eb862561cbd54764c6,2016-06-02T15:25:08.000+0000,99254,web,2382,home
000612ddc35140fc863fe971ec16704e,2015-06-05T08:57:07.000+0000,68129,android,3443,user_wishlist
000678e044074707a1dff17587b510dc,2015-11-06T07:35:46.000+0000,81017,android,702,user_wishlist
0006825e94a54da38f9539600a3609b3,2017-01-28T18:50:57.000+0000,157100,web,3518,item_page
0006904cef234c45b7e4107067090ab4,2018-05-16T11:25:08.000+0000,249664,iOS,3842,google_search
000778b7924a45f980fec886c20e28b1,2015-09-06T00:31:00.000+0000,78143,android,3405,item_page
0007b4fd1bda4898a222609f6d58fd6e,2013-10-05T07:51:16.000+0000,1150,iOS,1052,shopping_cart
00084130fad244ea91dd8773c999965f,2016-05-20T22:08:37.000+0000,130153,web,846,google_search
0008ab4f2de24a17b367ab8b47d02dd8,2015-07-30T19:38:39.000+0000,56287,web,2828,home
0008dee9c5f44a33acadfe39fba48ac5,2014-01-12T20:42:58.000+0000,3840,web,920,shopping_cart
0008ff4459434ec8b3171dfd6e231bbf,2014-02-15T15:09:00.000+0000,14597,android,798,user_wishlist
00095c926d1c4b2bb565269e1221d7fd,2016-01-12T08:32:22.000+0000,102588,web,1117,shopping_cart
00099e3181b94fb8bad177a92483f13b,2017-11-04T02:48:09.000+0000,207588,web,2250,promo_email_click
0009b78226884bc7b1e54a825168cfed,2015-03-31T07:09:48.000+0000,57819,mobile web,3768,promo_email_click
0009c9c07b59439aa9a8e435bc923aa1,2017-01-17T21:25:16.000+0000,171807,mobile web,2133,shopping_cart
0009ef3ee1fc4cf8991341ac40619d3b,2015-04-11T21:17:53.000+0000,58463,android,3614,user_wishlist
000a193eade94f9cb60f96d0356cdb84,2013-11-15T19:57:08.000+0000,2385,mobile web,80,home
000a89767efb42c2828a149dcc23f36d,2014-09-09T00:53:10.000+0000,27213,mobile web,630,shopping_cart
000a9c18337a4d6fa6235bd055be777e,2018-02-05T06:16:07.000+0000,236618,web,3280,user_wishlist
000ab051715e4dfa9905591d88855edd,2018-02-27T01:13:10.000+0000,270651,mobile web,1661,promo_email_click
000b2a749bb0476eba16929294d359c8,2015-08-15T11:43:02.000+0000,68288,web,1236,item_page
000b2ea0833b4ee1847f12cb31b7c475,2016-05-01T06:28:39.000+0000,123368,web,2552,item_page
000b67356cd04a83aebc66041081d58f,2017-04-03T11:52:09.000+0000,167444,web,3531,user_wishlist
000ba47629f7475c973cf5ca6ef8fde4,2017-07-21T14:51:26.000+0000,205130,web,3002,home
000bb6fdd08b4788b9971dcf24d44250,2018-07-17T15:43:50.000+0000,273365,android,1247,user_wishlist
000c10338d0e45a3bdfc5f7b983ccd02,2015-04-29T06:52:17.000+0000,62654,web,1041,item_page
000c3cf4dee74a6b807a33e0d1fcea6e,2018-05-04T16:51:25.000+0000,239962,iOS,3070,google_search
000cbbb07a564878ab872fc5f83ce2d8,2016-08-19T15:41:50.000+0000,116518,iOS,3787,google_search
000ccecc244f40eabf9ba78ccce49792,2017-02-11T10:57:52.000+0000,163986,web,3984,shopping_cart
000cf37506594d17bc3091b46cdbd7a7,2015-03-06T01:05:26.000+0000,45343,web,2532,home
000cfa3da8ad4a0fa97d8ebd88908456,2014-12-25T22:41:17.000+0000,28198,iOS,1900,home
000d18ab05444945ad740346fd52302c,2017-04-06T18:42:17.000+0000,177236,web,2058,user_wishlist
000d31d360d5487793fa7de21f9d250c,2017-03-06T19:28:34.000+0000,161204,web,3209,item_page
000d56f532bc40ee8c46f4c9352a58dc,2015-09-01T02:32:25.000+0000,76711,web,898,google_search
000e103c1ad34c7c85f8830e5c69794c,2016-05-20T07:32:49.000+0000,112022,web,263,user_wishlist
000e2cb41681431ab62652111162a688,2017-06-22T17:16:07.000+0000,175545,mobile web,364,home
000e748b47704db4853fbaa4163ec586,2017-10-02T23:13:42.000+0000,194641,web,1506,shopping_cart
000fa8a3aea4472997d96f19dbbb2fa6,2018-09-06T20:21:42.000+0000,297934,iOS,398,shopping_cart
00103501e3c04e9b94411226c4baab0a,2018-06-27T11:42:26.000+0000,264493,web,480,home
001097de0cae4ac5864c4e465d881398,2016-05-28T00:39:06.000+0000,132645,mobile web,3988,promo_email_click
0010c8f3567749beaf9df54154a277bc,2015-06-09T00:40:31.000+0000,53818,iOS,2665,shopping_cart
0010f4d442394658baf4cd4277125f7b,2017-02-05T21:25:11.000+0000,156484,iOS,1320,home
00110136105c437d8df8989b4dde9f8b,2016-03-09T02:34:49.000+0000,99090,web,1696,home
001101fcdef74cef9b74d4973d9b3da5,2017-02-24T17:14:21.000+0000,156985,web,2899,shopping_cart
0011595b321f430c8f33c5025a01dc78,2018-01-13T16:05:35.000+0000,239716,iOS,1593,home
00117a933645432696a296cf05ba46c5,2018-09-07T19:13:03.000+0000,280717,web,1747,shopping_cart
00117e9cad6e41dd943288686f5d20d8,2017-10-18T22:21:05.000+0000,209434,iOS,2653,google_search
001181a27c0245f8bf670f1707586935,2017-03-17T07:45:28.000+0000,188915,android,1119,item_page
0011ed1175a044b49c7c8fd807b9dfd3,2016-12-12T03:27:15.000+0000,148289,android,859,item_page
00121ef602c54e5093d50f2eb2d9f149,2017-08-09T06:03:32.000+0000,223623,mobile web,3276,home
00123d5d41e34e2ab289be2f3c7769ee,2015-12-24T18:25:57.000+0000,91976,web,898,item_page
00125c761a9f49bc9f8df108d2e7c397,2016-09-25T00:29:39.000+0000,118950,web,1285,shopping_cart
0012b1c44fb14edeac8ef1fe9df386cb,2013-11-21T13:17:22.000+0000,8202,web,840,promo_email_click
001337c09135439292a1b967fc8e4964,2016-01-08T15:47:37.000+0000,106734,web,1585,promo_email_click
00139478e05d436ba866c9ac9ffa2b87,2016-09-19T13:08:06.000+0000,125787,mobile web,3240,promo_email_click
0013fdd4b46a4501aa7e6142f2f4ba5a,2015-11-23T14:46:05.000+0000,72283,web,283,google_search
00141a3e5722428bbe98a293b6a2b042,2016-07-30T07:38:06.000+0000,136615,web,1055,google_search
00148ffb3f5344d4a0140951652f0882,2016-11-18T12:35:31.000+0000,161172,web,3556,home
0014c98f1ea14452bfc7b048db04c598,2018-03-08T03:47:21.000+0000,271976,web,3946,item_page
0014dac2035b4da482f6f715dadc8a0f,2015-06-01T13:36:28.000+0000,59185,web,2225,home
001522dd9d8b44e0ac471d7147f552a6,2017-12-16T00:12:33.000+0000,231693,mobile web,2470,shopping_cart
0015390a905a4de49f4e049b45dacd4e,2017-12-17T05:58:32.000+0000,210586,iOS,3441,google_search
001556311ce3400dbf3aef44eff7d132,2014-01-07T06:36:02.000+0000,10554,web,12,shopping_cart
00157902ad5f41ec91f1268400c22349,2017-04-22T08:45:13.000+0000,160791,mobile web,2841,shopping_cart
0015fcd7cc4e469f8c61bcdc5969933c,2016-04-01T14:17:09.000+0000,99368,web,1382,user_wishlist
001649c4221d45ab8febfa58b02d3192,2015-09-21T08:39:02.000+0000,68444,web,2422,user_wishlist
00165ba547c04ca49978db8489662252,2018-01-31T16:54:58.000+0000,239498,web,3685,user_wishlist
00167e7db468400e82ad4cbb3312963c,2015-09-12T17:55:48.000+0000,77697,mobile web,355,home
001694cf9c3f46789c71fdf749b9899a,2017-04-17T22:49:17.000+0000,159361,web,1215,shopping_cart
00170eebe88c46c184978488e2f74c80,2016-06-30T07:42:36.000+0000,124739,android,1741,user_wishlist
00173793a93543748ff47e3f4616243f,2015-07-13T07:28:18.000+0000,62998,iOS,2703,shopping_cart
0017585eceee48c8b27e3e6cf65c8a25,2017-11-25T16:35:50.000+0000,230078,web,3639,home
0017776bcc4441e18c8cd36403e97bf8,2016-07-13T22:55:27.000+0000,111880,iOS,3383,home
00179627e96441eeb4395bc87994dba1,2016-05-09T21:43:58.000+0000,99328,iOS,71,google_search
0017b9f953814fb8b4966d101ffe5b0b,2016-06-17T02:14:11.000+0000,105080,web,669,item_page
0017e132b659488d9aa2b23a5a238391,2017-11-10T12:48:58.000+0000,218246,web,3341,item_page
0018171e11184fe2a6c37006615ccb14,2018-05-27T07:49:33.000+0000,292922,web,3831,user_wishlist
001836390c7049f39ef385c8a84d410a,2018-07-05T01:59:33.000+0000,281492,web,2151,user_wishlist
00188a26d4c247558feb960ed71f71e4,2014-09-28T03:52:44.000+0000,27493,web,791,shopping_cart
0018b8da8bab4129b5c22a0b04c24506,2017-02-20T14:10:36.000+0000,146025,mobile web,637,home
0018bef6b7d746af8a87c1c88ff23acf,2016-11-19T15:41:54.000+0000,151494,web,932,shopping_cart
0018e5e0977f4456b7dda52ad51b3215,2016-03-28T19:27:59.000+0000,111663,mobile web,3200,home
001906cbda03429099519a8c39ceec37,2014-07-10T01:03:28.000+0000,15550,iOS,3693,shopping_cart
00193abe3fca49c09b0be08e5903d95c,2016-07-11T02:49:50.000+0000,114852,web,1667,promo_email_click
0019a0cd1db64027956e9b8ff619d160,2016-11-06T12:14:00.000+0000,151855,web,1733,shopping_cart
0019b62253944961a77bab9191ebe88f,2017-02-19T19:53:08.000+0000,161135,android,3921,user_wishlist
001a2acf409f46a3ada8ab016d2c8c85,2014-10-05T03:43:20.000+0000,30725,android,3724,user_wishlist
001a4f274d4f41de8953a4f9045c89b5,2016-06-14T17:44:23.000+0000,121555,web,2530,home
001a53b143fe40509b8a88827b6f0b3b,2017-11-11T11:05:53.000+0000,221058,web,8,home
001a7b5f018b43f29d082a5f609b53f8,2018-03-03T20:23:22.000+0000,259439,android,208,item_page
001a92b10d4e42c3befcee0f0995ce80,2017-04-27T22:33:14.000+0000,197260,iOS,1490,shopping_cart
001aaf9c651c494cb3e38974a98337c3,2015-01-04T15:23:04.000+0000,50158,iOS,2468,home
001b7215e6ed4e96ac8c4035f9fcb817,2017-09-10T06:28:32.000+0000,194066,web,819,user_wishlist
001b8c9288b941a693089461d674429a,2016-01-29T23:04:03.000+0000,98362,iOS,2837,home
001be0aaf83c4d27a931d492dad2fce0,2015-09-24T15:30:44.000+0000,90161,android,516,user_wishlist
001bfc5130f9448e9be318639b4d7ffd,2016-06-24T08:17:40.000+0000,122594,web,2995,item_page
001c1956cd7a4c39ad4c1f60d48831ee,2015-03-16T01:24:31.000+0000,38325,mobile web,2531,promo_email_click
001c4a0412d040caa81b46b5f08701ff,2014-02-12T00:36:29.000+0000,5459,android,1781,item_page
001c706d9c684d41a20a3151b5741ab6,2018-02-08T08:22:58.000+0000,244844,web,3005,user_wishlist
001c750415b3442ca87b35c555a0e16d,2017-10-25T17:57:21.000+0000,203203,web,1595,home
001d47ca4b9d4094a2beea823102440d,2018-02-06T20:55:02.000+0000,220097,android,1227,home
001dace3c3f14861a4cfb85ee9373519,2014-09-23T13:50:54.000+0000,22428,web,3223,home
001db0e5d2dd4a9083eac78a43524141,2016-09-19T13:54:00.000+0000,143320,iOS,3350,google_search
001dbb348cb340a3abcd717214bcb9e6,2018-06-22T21:59:22.000+0000,258033,mobile web,2440,promo_email_click
001dc33bec5b46e3b99a77bd980b6787,2018-10-01T08:48:33.000+0000,278864,web,936,user_wishlist
001e2d1edee441cdb4c2bdc0b2a39259,2014-10-04T19:44:35.000+0000,20418,web,1460,shopping_cart
001ecb933ff44d6e9a8ebfe60f92ce7f,2015-09-26T06:28:59.000+0000,72653,android,936,item_page
001ecbea42a04a38afee3fe02296b187,2018-01-27T09:49:32.000+0000,239608,iOS,3917,home
001ed19ce4f0446f8d1923ff57994ef0,2018-07-07T03:05:06.000+0000,299696,web,3916,item_page
001f01dd0397423b983b33254625d214,2014-09-14T20:23:17.000+0000,22048,iOS,1284,shopping_cart
001f862be3d0410fab577ed01c2bf248,2015-06-01T04:57:18.000+0000,48359,android,3958,home
001fc5eebd5948d9b04aecf225ad4689,2015-11-18T18:42:09.000+0000,95888,web,2104,home
00200799d91241b587d977ab9ebc6954,2017-09-07T11:36:42.000+0000,202939,web,2290,shopping_cart
00206b94394e4485afb4a276701b0f10,2014-05-11T04:02:28.000+0000,10361,android,1206,home
00207448f573461ebabda31767b079eb,2017-06-21T23:51:25.000+0000,183327,mobile web,2042,shopping_cart
00207658340543ac89e768ddcbdde606,2018-05-16T16:47:23.000+0000,268394,web,244,item_page
0020a2ae01b64089a90126c5ae1739bf,2017-11-11T14:11:13.000+0000,228030,web,2179,shopping_cart
0020cd6e08bb4564a528cad552d7f860,2014-11-15T08:52:18.000+0000,30514,iOS,457,google_search
0020ce199b6f4635b5d99e8d006f6900,2017-05-22T13:26:11.000+0000,188773,web,367,shopping_cart
0020ff8752364cb18bfdd737134b7773,2014-06-20T13:37:58.000+0000,22079,android,1568,home
002124c71bf64a5ba633ebe60533c6ea,2018-03-17T13:52:28.000+0000,252773,android,3914,user_wishlist
0021a864424348bc81e0d87b17c58ecc,2017-03-05T00:13:31.000+0000,155173,web,760,google_search
0021f254e5d7477dac871fe62bf0b2b1,2017-11-14T09:01:31.000+0000,218175,mobile web,3673,shopping_cart
002232ca095b4dd08f7d1628bce8f75a,2016-01-18T16:48:29.000+0000,85695,mobile web,243,shopping_cart
0022eff51bd64dda993935ceb9514336,2017-08-20T12:55:21.000+0000,226182,web,3248,promo_email_click
00235cd8aaa7426598d1b95f375ba0c3,2014-06-29T12:20:28.000+0000,12838,iOS,1853,google_search
0023703cd3be4a7b81a9c236bab75c95,2016-05-27T04:30:28.000+0000,133311,mobile web,795,promo_email_click
0023a0eb03d34707ad0249a8b59b5cbd,2013-07-23T17:26:01.000+0000,3548,web,2054,home
0023bd4b94bb4400a2fe5f106019d7f3,2015-07-19T17:29:06.000+0000,76254,web,1067,shopping_cart
0023cba29d874ea8bb58af0c631ded27,2018-01-12T05:36:06.000+0000,242181,mobile web,2128,home
0023e854f6014ea986084e3c1dc9b950,2015-03-30T14:13:16.000+0000,50942,web,2451,home
0023ee056bc44826aa7f79be7ae3cd88,2016-01-10T09:44:54.000+0000,107110,iOS,442,home
002406c0b41049969800e12b0ad41858,2018-05-28T00:15:23.000+0000,284179,web,1890,google_search
00243646370c44ad838edc7d3f3b4762,2015-11-03T10:34:10.000+0000,82599,mobile web,2385,shopping_cart
0024961e3c0042b49e2f3c1e3ee052b9,2016-06-22T16:31:52.000+0000,123659,android,3900,user_wishlist
0024ba3fb6c84de7a1b1dfe704cd174f,2018-09-12T21:54:54.000+0000,291456,web,3304,home
00250da0bc334ad29f0c087d60637916,2018-06-25T22:13:10.000+0000,281022,web,78,shopping_cart
00251e3cec2f4234975a0375bd540950,2017-02-10T11:26:49.000+0000,185267,android,508,home
00253732bbcf47bfac4f2000a80cb119,2016-02-19T12:34:04.000+0000,95403,mobile web,3188,promo_email_click
0025d6c0ed0d4c42b6766a37df3a964a,2015-05-05T21:57:32.000+0000,51097,web,275,google_search
0025d809fec746cbb51a8d51108f9337,2016-06-17T06:32:48.000+0000,107527,web,3846,google_search
002600f383284be49903c196cec72577,2014-10-24T01:17:30.000+0000,28527,mobile web,2515,shopping_cart
0026af14eb174807b3902ada99078b7e,2014-09-18T02:37:43.000+0000,19721,android,2256,home
0026d1f791d445b1bbedd4d8e453e461,2013-09-09T03:51:07.000+0000,4239,mobile web,676,home
0026d2ce5bfa414881534663150233fc,2016-07-04T05:06:56.000+0000,109765,web,3393,home
0026f686b1654176986b492b6b122403,2014-11-07T06:16:32.000+0000,31420,iOS,1625,home
002707a733f44bb6a9820a7dc31e763f,2016-09-16T21:07:11.000+0000,142243,web,1585,shopping_cart
00270db9578845e89482a0475abb7a99,2016-08-14T10:37:19.000+0000,138228,web,2140,shopping_cart
002768e39c30498d872345253ca0f829,2017-05-24T04:34:14.000+0000,200985,mobile web,946,shopping_cart
002789eccbc448979e1ff5c36f072718,2018-06-26T07:06:26.000+0000,282853,web,551,home
0027cb9ca3574f31aef106ef5308ee00,2018-08-21T10:21:24.000+0000,273971,android,3689,home
00281f6c66e14a81b02b9647c1897bb0,2014-11-10T01:18:45.000+0000,40445,android,1724,user_wishlist
00283e67c5184864887bcebdef357e77,2014-11-03T08:14:49.000+0000,38834,web,450,user_wishlist
002880836b704a9d99b76d9ea3c73ee9,2015-05-20T22:03:19.000+0000,59315,android,2647,item_page
0028a83e3e5e43cf9bcf0ef00c6f26f0,2017-12-27T17:25:56.000+0000,247964,web,197,item_page
0028becc01814bd1a2774ead91bcb200,2018-03-20T12:18:10.000+0000,269813,android,2821,home
0028d12a3b3147bb95e44a42e0911555,2016-09-12T20:47:23.000+0000,131525,android,1279,user_wishlist
002952cdb7bd49f6816ab4cadd5d5977,2016-05-25T15:12:03.000+0000,120411,mobile web,1570,home
00297332895d49599ea467fcd0ccfd96,2017-12-10T11:46:08.000+0000,247977,mobile web,909,home
0029a8baa25b4a75a390a888996030f9,2013-12-13T19:57:03.000+0000,11146,iOS,540,google_search
0029cd0c1fa24b08a1f7184f4e4bb84b,2017-05-08T06:34:56.000+0000,165379,web,794,google_search
002a13139b2d4f46867c0af2ce8f024d,2016-12-23T03:07:48.000+0000,173624,web,2030,item_page
002aefa2ee8f4c6abbaac4fb695c7cd4,2015-12-29T12:04:06.000+0000,80039,android,2168,home
002aefe7f11546998ff917373eff9fd3,2017-06-14T19:23:52.000+0000,185384,web,2116,home
002b00789743454d8df4a2770c713aca,2018-03-31T22:42:43.000+0000,239120,web,1721,user_wishlist
002b090ac9e5442b8e9a3e0beac33ef1,2017-01-11T07:52:43.000+0000,138427,web,2753,shopping_cart
002b2d25f4344de2807ffcee778c58cf,2015-06-30T14:35:29.000+0000,73538,web,3997,user_wishlist
002b7885f3b64a1fa0c1db6baef15c05,2016-08-23T16:40:15.000+0000,127502,web,193,user_wishlist
002b8d8819c74cb28de16c31cdb5020c,2018-05-05T16:46:29.000+0000,263569,web,1073,google_search
002c39400a2844f389e357c6bac8bb39,2018-02-26T11:08:51.000+0000,267090,web,3517,shopping_cart
002c62d294554e10851ffc2c901bf87d,2018-07-26T08:37:41.000+0000,265371,mobile web,2703,shopping_cart
002cc652943c4d7a8f8e3900255c11c8,2017-08-30T22:15:53.000+0000,189737,android,2667,user_wishlist
002d023e1cc4452c9241e962e56b350b,2016-11-25T22:27:41.000+0000,158899,web,1521,google_search
002d44e626314f8eb5f45535db476e98,2017-04-07T15:58:48.000+0000,195740,web,2912,user_wishlist
002d9a67c212453f9d69b83b5d0b8100,2016-12-10T04:26:50.000+0000,169144,iOS,3540,shopping_cart
002dbe5286ae49efba7d15aa1b7762d7,2016-11-11T17:01:15.000+0000,156586,iOS,864,google_search
002eedfd71fa48dd8844cebb2555df5e,2016-03-17T09:20:14.000+0000,92751,mobile web,3071,shopping_cart
002efc72480d421ba55c164e2264e41b,2015-10-10T11:24:23.000+0000,81075,mobile web,2936,promo_email_click
002f126df52346d394ca132c1d6f47e4,2017-05-21T15:47:30.000+0000,205503,mobile web,2563,shopping_cart
002f4a1f3b574bbbb946452e8670f6ed,2018-08-24T16:20:05.000+0000,277378,iOS,1214,shopping_cart
002fb019e6684ec48688e1b912f04fd0,2018-06-20T23:25:16.000+0000,283811,android,1630,item_page
002fc3bbe6a944488ff74cef22f59be1,2016-12-25T23:03:53.000+0000,167310,web,2059,home
002fcf621d1a46039b2b6389bff6259b,2017-06-15T14:57:17.000+0000,178332,web,528,shopping_cart
002fd823883a4b0c8898c2ee990db973,2018-08-28T19:31:59.000+0000,278674,iOS,2140,shopping_cart
002ff3a3a6fd4af2a89f916190d9c376,2015-12-17T23:13:01.000+0000,94976,web,2698,user_wishlist
002ffc21e8dc456785f04e188d00fe43,2015-06-30T10:44:45.000+0000,65157,mobile web,1557,shopping_cart
003026f46da24ae4b980275068c8413d,2016-08-17T14:06:14.000+0000,124559,android,3350,user_wishlist
003069aa173046babc4d9b9f0c203c77,2014-01-30T14:44:56.000+0000,6284,web,2685,home
0030ccae35e94fa387af2d7205096fd5,2017-04-26T18:10:20.000+0000,180514,iOS,1296,home
0030e79ee33144249411b73dfbdc2931,2016-07-17T09:19:35.000+0000,134235,mobile web,3923,home
003117b7cfb74bbf998eb740b089e42c,2016-09-07T03:55:43.000+0000,131442,web,1149,shopping_cart
0031fd1786814928bac43e9f95924897,2015-09-20T19:36:10.000+0000,81026,web,1692,user_wishlist
003252bcd9e74fdcb9bed9504fb31329,2018-05-13T18:42:46.000+0000,251257,web,463,google_search
0032be0427574f438addc6a6a56cc0db,2016-06-12T06:39:21.000+0000,105369,mobile web,1056,shopping_cart
0032cf62f0e74888ac4a529e3bf9db5e,2013-10-23T12:17:21.000+0000,3808,iOS,2992,home
00331978e696495aba6616c75b96e01d,2016-04-27T22:29:26.000+0000,126198,web,1548,home
003325fdcaf64128a5939824bc650702,2017-01-02T10:39:35.000+0000,152568,web,1410,home
0033675e756c440882f1438af8082817,2017-09-30T09:00:40.000+0000,233294,web,2401,item_page
0033ca4136d04efabff246f4b8362e36,2018-03-30T13:28:14.000+0000,274107,mobile web,3367,promo_email_click
0033e10d44f742f29434f754f91b6231,2018-09-06T17:14:23.000+0000,296444,web,3188,home
00340b58792d4052b52a3bd3776d60f6,2016-08-07T09:39:09.000+0000,124785,mobile web,2943,home
003429dcdcac49dfa0154c395807e9f4,2015-10-16T04:20:01.000+0000,70822,iOS,1177,home
00342e08232b449abf66ac7fb1fca42f,2015-12-04T15:32:37.000+0000,72012,web,2907,promo_email_click
003441d3f96b4e7b960b309a838a35ac,2018-09-09T04:50:14.000+0000,294986,web,1277,home
003469337ccb4b608c931b664e75154f,2013-09-08T03:27:01.000+0000,2150,web,2543,user_wishlist
0034763b726341a792cd8633f7281ea5,2014-02-14T18:10:59.000+0000,12739,web,3317,google_search
0034ee67970b4a4191421778bf2910ad,2015-12-30T22:46:52.000+0000,102672,web,3423,home
00351c0f8c3d4853a99dcd01405dcc2d,2017-03-29T22:45:25.000+0000,160960,iOS,219,google_search
0035886d13564331b154e543760d5660,2015-06-15T02:55:14.000+0000,67493,android,3766,home
0036002596864f03a56ab9078796ac95,2015-06-07T12:53:35.000+0000,53770,iOS,2411,google_search
003609b49c094e55ade06a678e463695,2017-09-30T03:59:19.000+0000,213865,web,1980,shopping_cart
003646e39466452baf0aeecaefe18271,2018-08-11T06:58:59.000+0000,295411,web,1566,google_search
00368995a12e4617990db4f0683a8be0,2017-08-13T14:12:05.000+0000,213733,web,1850,home
003751c0059b428a941bfaacda590fa8,2017-08-26T14:41:45.000+0000,198641,android,2133,home
0037a8c9fd7041778d20c5da1812fc6e,2017-07-04T12:29:40.000+0000,198270,web,944,home
0037c61f461a49d89b3de251d214a85e,2017-04-19T15:16:03.000+0000,190938,web,1431,promo_email_click
00380b535b6f4f2f929f6c86540893f2,2017-09-15T19:39:16.000+0000,191222,web,3061,user_wishlist
00383aceb5254e15a71dbbac3eace28d,2014-06-20T02:01:41.000+0000,12613,web,3377,google_search
003863eb4abe4af68a089fdc4718df6e,2015-03-20T07:35:38.000+0000,51896,web,2386,home
0038bdd9d9584e26b22102fcbe1c6eec,2016-09-03T02:35:12.000+0000,137443,web,1395,google_search
003918043666470ba90c8c196e955b9c,2014-09-02T13:58:13.000+0000,24656,web,1376,item_page
0039602cf4c047049338a40906811635,2015-03-27T21:46:12.000+0000,46769,android,3160,item_page
0039b7cee3b94b3fa00f2cc8464b8bf3,2017-05-07T10:13:49.000+0000,179031,mobile web,3877,promo_email_click
003a4f38bc2b4be9a39f81cdaa23041b,2017-02-20T15:58:57.000+0000,162800,web,328,user_wishlist
003ad9283d6848fe9c482b7fd0850fb1,2013-11-09T10:26:16.000+0000,6963,mobile web,602,shopping_cart
003b640103204177bea7bfa3cdcc410f,2016-01-12T16:20:45.000+0000,95770,iOS,2589,home
003b9bfdc0454a689a809b570a39282d,2015-05-05T16:36:08.000+0000,60237,mobile web,3278,home
003bf4ed316e4e058ff035ca0f1cae63,2018-04-23T01:55:36.000+0000,252791,android,537,user_wishlist
003c13ec54a64c15bf9295858db77320,2015-12-02T17:29:08.000+0000,81215,android,2647,user_wishlist
003cacc2d05f411d8bc1afecd023e568,2017-06-01T00:26:08.000+0000,170135,android,2720,user_wishlist
003d895ee4004e3c869bdd1940f5e173,2016-04-07T08:10:08.000+0000,105458,web,3273,item_page
003da0fa7f96486ba751bbc1d340f186,2017-01-16T04:33:28.000+0000,168679,web,589,home
003dbebab89b452999d684b4a924af81,2017-06-29T14:44:03.000+0000,204449,android,3413,item_page
003e36f9e64748c8aa7284d3c2e2f149,2017-10-17T10:03:08.000+0000,241228,iOS,2512,home
003e67f176df422ca1879625f1e5792a,2018-07-01T03:13:30.000+0000,275773,web,2847,google_search
003ed6beaa80406fb3fd71f26b7169e0,2018-07-01T10:17:51.000+0000,278163,mobile web,471,home
003f09dac4a2466abb1f611fdc74dcdd,2016-10-07T03:49:53.000+0000,127208,web,2609,home
003f27545048462fbee77057a10ea122,2017-03-11T07:06:03.000+0000,160479,mobile web,1294,home
003f97a4334344738767b6a93b89c8d9,2018-01-25T21:07:11.000+0000,246630,web,1363,promo_email_click
003fa09fb52746f8b68b899860364631,2018-06-16T09:43:48.000+0000,274360,iOS,1970,google_search
003fa8a7f17a47c78ba2a39d1b6aa734,2017-02-05T07:51:41.000+0000,178915,web,2805,google_search
003fd43f41854452ae802bc4c0dab1c6,2017-07-05T13:57:26.000+0000,182040,web,2349,shopping_cart
003fe7c632a748bf8505bd6f28681bfe,2017-08-16T09:14:08.000+0000,192070,iOS,3824,home
0040592c7bc546dca0c336a9d5e8be22,2018-08-27T16:53:19.000+0000,289850,web,2597,item_page
00421c9bac304c4a9025b5536aa783ff,2013-07-31T01:29:21.000+0000,3417,mobile web,2567,shopping_cart
00422f8a31e4422c9679d7280621ebaf,2016-03-17T06:10:25.000+0000,86779,web,3063,home
004241cdcba74b7d836d35634ec12b1d,2014-09-14T22:24:07.000+0000,31269,mobile web,2516,promo_email_click
00426f4ff6c940018e5c65eb38cd8955,2014-06-25T14:53:14.000+0000,13875,mobile web,931,shopping_cart
00429fe568c34bb498afd97dbfbe008c,2015-10-26T16:19:57.000+0000,93093,mobile web,1346,shopping_cart
0042bece1cea456f8d36972498df7860,2018-05-08T07:00:26.000+0000,257612,web,1977,item_page
0042d4ec0e774d2db88bf2b4f75a39ed,2017-04-01T22:42:08.000+0000,195561,mobile web,1672,home
0043a0fb1b134693b5196dc9cee57444,2018-06-27T20:29:34.000+0000,258716,web,2464,home
0043afea91994f918037ff7c5e274e74,2017-05-14T13:15:55.000+0000,201903,mobile web,3701,shopping_cart
00443288380f4b2181d86f51b03a448d,2015-12-27T07:57:37.000+0000,90739,web,2644,home
0044578fe82344eeb4a75b87f7b99861,2013-12-10T14:30:40.000+0000,9827,android,974,user_wishlist
0044713b9911427f9efe73bd175cbfa4,2016-10-22T03:26:30.000+0000,140315,android,106,item_page
0044f0a35c264550aaf16f9ae244078b,2018-01-18T14:55:36.000+0000,240219,mobile web,2498,home
004593c7e1be4bd187865358f6c016ba,2017-12-22T08:25:30.000+0000,216069,mobile web,1400,shopping_cart
0045b474acd147229fcc6ff9c031361e,2018-04-28T20:59:47.000+0000,273131,android,1215,user_wishlist
0045cd53031d4f3da5f2d0a1afd7d66c,2016-09-01T07:25:06.000+0000,128005,web,2316,shopping_cart
0045dc9f5b5c4c589300e83bdb48d4c2,2017-07-28T09:25:48.000+0000,215061,mobile web,840,shopping_cart
004624601cfa4b4398c3d506be22ff64,2016-12-30T05:43:54.000+0000,149416,iOS,2609,shopping_cart
004629644f6c452283468ea008075f4f,2014-04-13T04:02:54.000+0000,20345,android,3039,item_page
0046aa7aae8f4e18ac437429e1c4f1e1,2017-12-02T17:24:34.000+0000,209848,iOS,2760,google_search
004736fae716440db84b421121016809,2015-07-20T16:59:04.000+0000,69296,web,599,item_page
004763c7b93046fc80425654a99d461f,2017-08-04T14:06:01.000+0000,223554,web,134,promo_email_click
0047795598dd491f88a30f1645624304,2018-06-01T01:04:01.000+0000,263013,mobile web,1735,shopping_cart
0047a5d43e6b402cb13f8d3daf64ffd2,2015-01-11T23:41:47.000+0000,47772,web,1475,home
0048837588b94d288c551df67abee242,2018-02-27T08:49:42.000+0000,246710,web,3675,home
004891f7cbf64f0ea61737049e5cbe6b,2015-04-30T16:15:24.000+0000,53755,web,104,shopping_cart
0048925230694bf8927a6292be06f8eb,2017-01-07T21:19:01.000+0000,155948,web,737,item_page
0048a595ecf5426c88dd57dd09f8c7df,2015-12-31T23:25:10.000+0000,75743,android,2705,user_wishlist
0048c0ac20604be3aeb02d04994691be,2014-03-10T00:27:57.000+0000,11050,iOS,2980,shopping_cart
0048d98a33354f9b82e1cc7ff560b238,2017-04-08T12:17:41.000+0000,176881,web,36,google_search
00490a4fcd89476ea49047a29322d5ca,2016-11-21T11:23:01.000+0000,137796,web,1048,shopping_cart
00496ba16b8b484f99c91b1b0a3901ce,2018-06-14T04:24:56.000+0000,299070,web,390,home
00497ef1297f4ea0b8c6c035484ceab5,2017-05-08T06:35:36.000+0000,165965,android,902,item_page
0049890d26644bdab223426a3e532585,2016-11-16T13:48:29.000+0000,140136,web,1755,shopping_cart
00498a92515c439ea93d7cfda4e30e6d,2018-01-24T13:05:17.000+0000,227375,android,2542,user_wishlist
004997d4a931466e92c89a17100e4ba2,2017-12-27T15:38:58.000+0000,219008,web,2397,home
0049f56538c84c449e25de22884799de,2018-08-22T05:12:50.000+0000,290725,web,3822,shopping_cart
004a1bf891324982b6c1ef2ffaec5dba,2016-01-01T02:39:58.000+0000,92456,web,80,user_wishlist
004a351b2bf04a5a9a88b37b6b7e0181,2017-01-12T21:41:44.000+0000,144588,web,1748,promo_email_click
004ab9a4b0ad4255bd5925203fe25b22,2017-03-23T19:03:23.000+0000,177185,android,2083,home
004b1f727b07429b9ea1d246ef7ec802,2017-02-08T12:03:29.000+0000,158580,web,2413,home
004b30be459d485881c6298a635140b6,2017-08-09T10:17:49.000+0000,192677,android,2750,item_page
004b3290b2084aaf8497a2de10182dad,2017-05-30T19:42:36.000+0000,178421,android,999,item_page
004b5b91778f4219921c8e5bab9c75ea,2017-04-25T10:56:59.000+0000,162207,mobile web,399,home
004b5e9f05ef4889af0a0e8a2743a175,2017-10-07T00:27:46.000+0000,203206,iOS,389,google_search
004bba9f45154d688a510913e9aa80f9,2015-07-16T04:15:14.000+0000,76169,android,3637,home
004bd84026534fa8ace52711dabfdacd,2017-01-06T00:32:08.000+0000,148813,web,3799,shopping_cart
004c03c67da84e959b108f24d4a167a8,2017-03-08T09:56:21.000+0000,159180,web,3632,shopping_cart
004c1c953c8f4816ba87dd0b9465999d,2015-09-03T09:36:20.000+0000,72902,web,1968,home
004cbcc04fbe4845b8ba8f043c1a3ba5,2016-06-13T16:11:40.000+0000,102059,android,1335,user_wishlist
004cc62d9698475ca07148d4dd87d7ea,2016-06-24T05:48:14.000+0000,129566,web,194,home
004ce56c72da4968918fc147a725ec53,2018-09-18T10:29:37.000+0000,293807,android,3413,home
004d138f5c9a4c0f88a10a73618191e7,2018-05-11T15:19:48.000+0000,275723,android,228,user_wishlist
004d277cec41484fb63fe764a612f59c,2017-04-05T15:01:30.000+0000,171428,web,1924,item_page
004d40e8b34745838b02d5fd4a50a402,2015-08-22T08:24:52.000+0000,74033,android,528,user_wishlist
004d77bd03bd4526ab6461526022f0c9,2016-07-03T01:51:14.000+0000,127262,web,748,home
004d8323f05d4ba883b6bbe2e7efaac5,2016-12-27T21:49:29.000+0000,155772,web,1759,home
004db0d8ef50495bb0302adcc94994f5,2014-11-15T23:24:16.000+0000,42696,web,3610,home
004db17dcf5c44c282b92225261d1f06,2017-12-21T00:58:39.000+0000,248068,iOS,1384,home
004dbe2add954552a05cbefd51d311f0,2015-09-27T20:54:36.000+0000,72818,web,341,user_wishlist
004de4872a8e4d2ba9b7b54c7b30a8c4,2018-01-23T04:51:38.000+0000,255166,iOS,2795,shopping_cart
004de7de8757447aa6c3764c750d61b3,2013-08-11T03:50:19.000+0000,372,web,3641,promo_email_click
004eb9c85e0a4d8e9657acffce5dd67a,2015-12-18T05:08:44.000+0000,77710,iOS,2880,google_search
004eda2485db4267ab6406a9d00b9ad7,2015-07-06T17:29:15.000+0000,72526,iOS,2757,google_search
004ee1842efe46bb871dc4acb6b92ec0,2017-04-24T08:41:31.000+0000,177460,iOS,2957,shopping_cart
004ef9521d7743c6bfaaf3200bdebe26,2015-08-31T07:47:08.000+0000,71630,web,944,user_wishlist
004f6fbcfff0448998eb03d6cb1213c7,2015-11-02T12:50:44.000+0000,64524,web,3799,promo_email_click
00500566e9704ee8a5a3f788e7efd425,2013-11-05T17:59:22.000+0000,7319,android,1353,home
00500bdf95a547f4a414e494aa59578c,2018-04-09T09:28:38.000+0000,262603,web,635,home
005056456e52437285650372613ea9cc,2015-07-09T13:51:54.000+0000,64553,android,3558,item_page
0050834191db4401882a7cd507e6bcf9,2017-02-15T22:58:03.000+0000,157480,iOS,2021,shopping_cart
00508b2deec14f26a03827bf7ea5869b,2015-05-20T10:08:47.000+0000,64996,iOS,2541,shopping_cart
0050d80b0fd04fbd8c593e1a9662878c,2018-02-21T06:47:50.000+0000,263520,web,1361,home
0051286f8a0e45d79a6f9858a8b08599,2014-09-20T08:29:12.000+0000,32649,mobile web,3409,shopping_cart
00512ef385154e0a82afd38ec8ba47fc,2016-03-16T14:51:05.000+0000,100407,mobile web,287,promo_email_click
00514e510d0f43718bf84b021675d841,2018-02-13T12:10:41.000+0000,223817,android,2869,item_page
0051aa34d7c84955bbfa43c5c0f5fce1,2014-11-26T01:22:08.000+0000,45759,mobile web,3525,promo_email_click
0052027c10c440418428fcc00f36486e,2018-01-14T02:12:13.000+0000,227878,iOS,884,shopping_cart
00521060b2e84f7990f85797bca4b6d3,2017-09-30T15:22:09.000+0000,194679,mobile web,357,home
0052bca03dae41b786fa5f66ea2a366e,2018-05-23T06:54:03.000+0000,265934,web,2337,home
0053040b41cf44eea91ebbd14bc1816d,2017-02-08T06:47:30.000+0000,162122,web,1762,item_page
005325b796e14809a778cb20d2029d35,2017-12-19T15:12:47.000+0000,229432,iOS,3463,google_search
005366f549194e0da66878ba18bb706a,2016-09-03T08:17:39.000+0000,131295,mobile web,2454,promo_email_click
00543f625b2940abb69334ec6cc68fff,2014-12-10T13:20:04.000+0000,35420,web,2285,item_page
005452f643034be4a013e1c25bf5169a,2015-02-21T07:09:09.000+0000,53661,mobile web,338,promo_email_click
00545adee09f4f91a4b309795841901c,2018-05-17T23:26:57.000+0000,279718,iOS,1355,shopping_cart
00545c52d71545ec833a6cb48086c8e3,2015-07-22T10:09:21.000+0000,67641,mobile web,392,shopping_cart
00546e7788e94752a0216712f3638fde,2018-07-02T16:46:59.000+0000,256540,iOS,3456,google_search
005482e467a7420fa253b06378ebd31a,2015-04-05T14:13:06.000+0000,39695,android,2174,item_page
0054f4ac478f42f6bc41675a20d19d6e,2016-08-06T21:03:01.000+0000,118775,android,1285,home
00552a0329d049558d886044101919c1,2017-10-03T21:02:00.000+0000,229392,web,2205,home
005535f9132a4b4b829f00fbdfa69b1e,2017-01-24T11:35:41.000+0000,158899,web,3121,google_search
0055505fd1834ab592c5011bcff24513,2018-07-15T02:12:55.000+0000,289652,web,199,item_page
0056895edca44aa786a141d889cd69ba,2018-07-21T11:41:44.000+0000,266741,android,445,user_wishlist
0056ad5f124942f7b7609554399af9fb,2014-12-20T16:30:17.000+0000,40469,android,1741,item_page
0056d65f5f0c4ecc8b9de776010c3185,2016-05-01T17:21:56.000+0000,115447,web,530,google_search
00570d96214843178770aa8fe8b50e86,2015-03-27T08:42:32.000+0000,39110,web,7,item_page
00584d8a7ec14ecb8b2c2afb85e2f9a9,2015-08-08T05:30:31.000+0000,73535,android,1353,item_page
0058c0f64b4d4fe786421e514070f7ad,2015-10-21T16:18:36.000+0000,95984,web,1273,user_wishlist
0058d5ede3f545a3afca379e9df2826c,2014-07-13T12:02:42.000+0000,31664,web,2980,home
00590b308c4d418a910a49d7ebc50c66,2014-09-01T04:26:51.000+0000,30366,web,2652,home
0059686cc7c849f7bca2b186ee16c4e8,2018-02-20T02:52:04.000+0000,247763,android,3904,home
00596d8d762348a59757886c0456b54a,2015-09-27T20:04:05.000+0000,75038,web,2157,item_page
0059770b582a4961a00734c5aa7652e7,2014-10-01T07:46:41.000+0000,34428,web,3427,promo_email_click
00599015d26f4f5aa861eb89368b699a,2015-09-06T10:11:18.000+0000,86774,web,1187,item_page
0059bd170b704c0886d08a73f720db4c,2018-10-19T07:59:32.000+0000,286465,web,1315,google_search
0059d689099642af95eb39e9bca447b2,2018-07-27T18:28:32.000+0000,294433,web,3506,shopping_cart
0059e3ce78544acc95afaa9b37c8fa3c,2017-10-27T17:11:16.000+0000,240507,mobile web,1737,home
0059fb84ac14445283cfc0eba6eb170f,2016-04-13T02:52:33.000+0000,114947,android,2416,user_wishlist
005a3771f44f4dd2850d58faa23b59ec,2018-03-13T21:22:56.000+0000,243851,android,2217,item_page
005a3fe67c0347ef832a88b8e4e29ae5,2015-03-10T23:21:37.000+0000,48403,web,1220,home
005a9ce1feee41b7816fa971a86df2b1,2017-09-22T21:52:47.000+0000,201318,web,60,shopping_cart
005aa7d7798748d3a876972c2d1b87c4,2016-12-29T19:40:14.000+0000,168505,web,3418,shopping_cart
005ae55c77a54df49d66a3d257d4b422,2015-07-15T11:18:48.000+0000,74664,web,2395,home
005b4df3090b48fbb9690e4d00554580,2017-03-27T18:49:29.000+0000,172607,android,2465,item_page
005b88fe210542aeb469b00d4c7ca30c,2017-12-16T11:50:42.000+0000,233613,mobile web,1021,home
005bae78aaad464aa5906d22ec32fa86,2014-06-11T22:28:43.000+0000,21352,iOS,1271,google_search
005c9078bfee4a139d52256ad14c815e,2017-03-22T06:10:24.000+0000,159380,web,1538,user_wishlist
005ca4b9e5c74c718d914ab37cd32845,2018-01-22T19:06:22.000+0000,250278,web,52,shopping_cart
005cd11db63c4d2fb59c1e34bec6cd91,2017-09-04T13:10:24.000+0000,211188,web,2102,promo_email_click
005cef0f49e945368cd9c52a8b777f55,2018-12-11T16:58:19.000+0000,299751,mobile web,3265,shopping_cart
005d251a6c704e188b1196809d8b5a47,2017-12-22T23:48:31.000+0000,256132,iOS,3692,home
005d896835af470dae48863b9ba82efa,2017-12-30T15:07:38.000+0000,250325,android,3447,user_wishlist
005db6aa24b54489a73078c52a4520b8,2018-08-15T02:35:01.000+0000,278482,iOS,126,google_search
005df77f15d94d8e977d944955c48d57,2016-03-05T00:39:58.000+0000,107410,iOS,3690,google_search
005e13f367494c549c9578b93cbfb678,2017-04-23T05:33:53.000+0000,169472,web,3991,home
005e3cddb422482281f9cdacb84b4ab6,2014-09-14T18:13:39.000+0000,38278,iOS,3761,home
005e4576df854774b596376f6de30b60,2018-05-27T18:21:41.000+0000,288596,web,1198,home
005ea151417048a5809dd7773666562a,2014-04-05T22:56:41.000+0000,11485,web,1808,home
005eee89a1d14a0c9128b27c0dca5b8d,2014-08-01T17:51:49.000+0000,18125,android,3147,user_wishlist
005f46dbd31c40379d570558deb75022,2016-09-06T10:11:08.000+0000,119580,web,575,shopping_cart
005f7363fe744aa1a4b1ed0adf45ddeb,2016-01-28T10:04:05.000+0000,82118,web,3832,home
005fe148a30f406895db4d05251e908a,2015-10-05T06:59:23.000+0000,65047,web,3004,google_search
00606ea7c09444d0b799395a4c573920,2015-03-27T06:31:31.000+0000,42808,iOS,437,google_search
00610d40bed64541b96d8ec2de32e995,2015-04-24T12:24:27.000+0000,46613,android,1569,home
00611b11220e465ea18bbdad9a6984ff,2015-08-08T21:17:08.000+0000,73019,android,2238,home
0061dbae66044ede97137c6c0f3c6fb4,2018-05-24T13:03:20.000+0000,258152,web,3052,item_page
0061dd66d3eb4b0a9b404ae29d901d72,2017-07-15T12:20:09.000+0000,198391,web,553,google_search
0061ff3abb6946ddab16cd937f891e97,2018-01-05T00:49:08.000+0000,248388,web,3914,shopping_cart
00628aa53ef34ef3a2829526b9ce43e6,2016-08-07T23:17:54.000+0000,126198,web,481,home
00629ac3b5c44e34b5efa0304ca0d7ea,2015-12-07T16:21:47.000+0000,80862,web,1280,shopping_cart
0062a078e04f445ea89f810d61eb713a,2017-10-25T10:11:13.000+0000,226131,mobile web,4,shopping_cart
00634aa3a5e74582994e84a4270eef5c,2016-01-31T20:09:51.000+0000,88364,web,3870,home
0063795c7e8641e580b97a45a7c9eaaa,2018-03-08T14:35:30.000+0000,266573,android,32,home
006380ad8c734619be1363e16f099551,2017-12-05T09:24:10.000+0000,213107,android,162,item_page
0063ae242da140dcbd629e3fdaf10c68,2015-02-19T02:13:54.000+0000,40865,android,3043,item_page
0063df14935d4aea9034103d2258e8ab,2014-05-04T03:38:30.000+0000,12413,android,1829,home
0063e14563754d5aba391ce0b81427e3,2016-11-18T02:03:29.000+0000,154392,web,2977,shopping_cart
0063f69a5f9c49e7893a64345aeca03e,2015-04-20T17:53:49.000+0000,43654,iOS,3039,google_search
00640416d7c443ae97d0b4f504540ed9,2015-11-13T21:23:06.000+0000,93506,web,131,item_page
00643f7c11c4480184a646fb27e7f738,2015-07-23T17:12:36.000+0000,59472,web,108,home
0064a8cf767b46e096c40f68ae26675c,2013-08-20T03:28:54.000+0000,3022,iOS,1679,shopping_cart
006514e1d902480a987b4a2574917cba,2016-07-22T21:23:46.000+0000,129147,mobile web,1064,shopping_cart
006599b6b3eb448aa3b64c2cd5dc5542,2016-05-31T09:50:29.000+0000,111644,web,416,user_wishlist
0065a6075b754f76b5e13b52cb7ae07a,2017-09-12T10:02:20.000+0000,208043,android,2603,user_wishlist
0065f15bd91a410d96113e2212da62ef,2016-02-03T08:10:39.000+0000,93055,web,3063,google_search
006642b1b70f4a1bbce35a1a6f41dae9,2015-09-04T12:15:37.000+0000,69302,web,3415,home
006674ce0c35412088ae4e2824b7accd,2018-06-26T02:07:00.000+0000,282590,web,3240,user_wishlist
0066804c5d984a1282ec743f944d476b,2018-03-18T00:55:12.000+0000,274325,android,1574,item_page
0066826dcf6d45cfa83f555fa5517018,2016-09-28T11:25:27.000+0000,145712,web,3226,home
0066d9a9bc614665a7d62098804da171,2017-08-09T03:17:57.000+0000,210844,iOS,2519,home
0066e31dba424a61afa4aa3f9d9c7646,2015-08-25T07:36:01.000+0000,72801,mobile web,3117,home
0066fe50da2146ec8b5bab955e91791b,2017-05-28T04:05:54.000+0000,180000,web,344,home
00671af0a0644e848dc5f7af5c4dd878,2018-11-11T20:02:47.000+0000,288551,android,2814,home
00675ec1b9cc41318bcd0f7c03d9c9a1,2014-02-14T22:52:22.000+0000,10841,android,2814,item_page
0067d0f1cc7d4d638fef924c15306a7e,2018-01-15T19:21:46.000+0000,247254,web,504,shopping_cart
006857ce4c3c406489ec7c7491696e79,2015-01-29T04:37:57.000+0000,54872,web,1990,user_wishlist
0068a35bbf224bf4b91c3d28185d74ab,2017-03-13T15:04:56.000+0000,163616,web,2075,item_page
0068ec732cc14d6db20a21ef6ff25d9c,2017-09-11T02:04:52.000+0000,229063,web,1853,google_search
006969e941cb4ff896891198feb6fb11,2016-08-26T21:37:08.000+0000,130324,iOS,3497,google_search
00696c336302461b9ff01e2f0531d18e,2015-10-12T11:20:49.000+0000,90841,web,518,google_search
0069724b586b491eb048c81cfb8b27f5,2014-06-08T12:01:37.000+0000,16909,web,1833,shopping_cart
006983b7e35b4415b24f0a0b2c255e19,2018-06-08T08:07:41.000+0000,291292,iOS,1099,shopping_cart
006a0eb4b31c402580694ff994171075,2017-08-15T13:28:50.000+0000,191026,iOS,612,home
006a1378d55b4de092ce4840ecc2648d,2017-06-27T21:41:53.000+0000,210152,web,3096,home
006a27e507674d0dbe06e51a247a9690,2015-01-24T13:28:19.000+0000,43605,mobile web,204,home
006a4c3d7acb4a24822bab12fee26308,2015-10-30T20:05:18.000+0000,86464,iOS,1126,home
006a5071a78249a1a522d7608d0ecddf,2018-11-01T12:56:37.000+0000,295252,iOS,2275,shopping_cart
006a7862acb84aa3ba1a50293444bb94,2017-06-12T08:03:14.000+0000,179141,android,282,item_page
006b0cf06bc0492cb10a1603195928ec,2017-06-16T21:42:18.000+0000,214629,mobile web,3955,shopping_cart
006b1f5d9c1b4d2da09c44d2144625ce,2014-04-14T08:08:24.000+0000,8998,iOS,2077,shopping_cart
006b32c08c2642a8bd6089ea38c9cdef,2016-06-23T00:13:15.000+0000,127429,web,1354,shopping_cart
006b5d98c73e46d7a62bb8e9ee1f7f8c,2016-09-25T18:24:35.000+0000,131236,iOS,2316,shopping_cart
006b776ff8a14449ad0b2bc578c95cd0,2016-08-27T23:49:43.000+0000,148165,web,944,shopping_cart
006bb00296bf4e86bfcef08982575e0f,2017-09-10T04:30:15.000+0000,202271,android,3402,item_page
006c2981ad114f539c077dcf58c270ec,2017-10-24T15:38:37.000+0000,236928,web,1762,promo_email_click
006c666736f54de9b3d4b6f93f8da0ab,2015-03-23T13:17:10.000+0000,43967,android,2967,home
006c694c9c384c30adf30708668b8644,2013-11-14T20:46:47.000+0000,6593,android,1064,item_page
006cb9606b594bef9c48e06009012d32,2015-12-03T20:16:39.000+0000,70675,web,1347,shopping_cart
006d347effdf4b4188bf3c4604aacaca,2017-11-23T01:20:22.000+0000,212029,web,3435,shopping_cart
006d58a0390f4729a215f43b1543d0c6,2014-03-15T07:02:07.000+0000,17874,web,3064,home
006d6008de7d44fa830c649b6c25a0e0,2014-07-14T03:21:58.000+0000,20547,mobile web,1328,home
006d826d0cf2434fbdda12edf4c5addd,2015-12-08T18:20:15.000+0000,101739,mobile web,2901,promo_email_click
006d9bc0b2134c728af3418d1644767b,2015-10-02T23:10:26.000+0000,83340,web,2842,home
006dd88f80254e2b9d36f3eb4a6e41e8,2018-01-10T00:29:31.000+0000,244343,android,3258,home
006e293acf70424a91eb1eb60a94b064,2017-04-29T01:02:51.000+0000,204554,web,1700,home
006e86059cad4aeb844e6b1ba2a3369c,2015-10-05T06:12:12.000+0000,82279,web,2726,home
006ec884c8bc4b839bf58f8586021383,2018-07-22T17:22:27.000+0000,279136,iOS,1888,home
006efe7d7b1b4c1a8f33b4964c7f8922,2016-11-18T16:16:20.000+0000,159771,mobile web,564,promo_email_click
006f35c70dbf450f88f79688e90af0cf,2017-08-17T09:49:04.000+0000,195600,web,85,promo_email_click
006f9a4670e8450c83d0786d56b0ed8c,2018-09-23T04:36:55.000+0000,294548,web,2179,item_page
006fb7bd7d934675bd91850198e03dc6,2017-12-28T14:18:17.000+0000,228407,android,1111,item_page
006fdb25d689405889f7bf8ad793cdbe,2014-09-26T04:12:50.000+0000,26197,web,3769,shopping_cart
00701d32b4c1428ca1b61de44e95b15d,2015-09-06T21:36:33.000+0000,65413,web,287,home
00702490b0404ade9f588e5af251d453,2016-11-11T15:59:39.000+0000,160279,web,3042,shopping_cart
007046f0df50489897ea7a2108b0841b,2018-03-18T08:20:00.000+0000,248100,web,214,shopping_cart
00704a0e199b4cce8c008014eafb89cd,2015-05-27T08:07:24.000+0000,69173,android,1778,user_wishlist
00704c90754341289f7e5a68d741f906,2017-02-13T15:21:15.000+0000,168118,iOS,3102,shopping_cart
0070867fa69f41baa438c9f5c9fb3eb5,2018-04-10T02:20:19.000+0000,238215,mobile web,846,promo_email_click
007098ef6a0c4d649ec9f6ca59eb9470,2015-08-28T00:56:28.000+0000,61247,android,1111,home
0070aab7548142408976d862826a4755,2014-01-16T22:16:27.000+0000,11251,web,2222,home
0070ccbd108a4456bba15947fb53c301,2017-09-01T21:30:15.000+0000,213330,web,2318,promo_email_click
0070d869688d45b186b4b94d44699960,2018-06-12T07:53:53.000+0000,274830,web,118,shopping_cart
007102529f2b44efab613e21b4bb1f9e,2016-09-11T01:39:59.000+0000,133245,mobile web,1064,home
007173caa2e54828b29cd3a7423b7228,2014-05-25T19:57:32.000+0000,24758,web,3673,user_wishlist
0071cab336ed4550b0cdddba0e83bbbd,2016-05-18T20:50:13.000+0000,121947,mobile web,2616,shopping_cart
0071e49ebdd14c1da1777bbad9d8905c,2014-04-09T18:22:20.000+0000,14007,mobile web,1364,promo_email_click
00720d871de84439bf0ddb5deb0b396c,2016-09-29T21:24:53.000+0000,152196,web,787,shopping_cart
0072415ee11e4180b2f33b4dcb333d63,2013-12-02T16:10:36.000+0000,7819,web,3900,shopping_cart
0072658c5c80412e99e63bc70c8e4da7,2017-01-18T18:33:40.000+0000,159204,web,1052,promo_email_click
0072bfdd1a624885b7d5ab90040006a9,2014-10-21T11:38:50.000+0000,43062,web,1039,shopping_cart
0072c9c07ae94173ae07a63f7dd22af5,2017-03-22T18:39:06.000+0000,166133,android,79,home
0072cf4e969f4272b48dedcc79656eaf,2014-03-14T00:02:49.000+0000,9684,web,3962,home
0072e961632e4fbcae7fed4c21c6009e,2018-10-25T16:33:37.000+0000,289305,mobile web,1863,home
0072fd58e7b54276899b6528cb4910fb,2018-04-15T06:23:54.000+0000,245339,android,1703,user_wishlist
00734d90427c4ad0bd371bbe544509af,2017-10-13T01:49:49.000+0000,232422,web,1124,shopping_cart
0073c11959e1442497bb1716a8017d64,2015-09-21T05:42:01.000+0000,90623,android,3673,home
0073c6d2fa2145909014865cdf0463b7,2017-12-08T17:14:04.000+0000,228787,web,1596,shopping_cart
0073de80032a474aa8d2b80f28404a5f,2017-02-20T13:47:49.000+0000,172957,web,1299,google_search
00749ff61cd74b15a9433291777fe3f0,2014-12-31T23:11:22.000+0000,40433,android,764,item_page
0074bbdb5f8840ca94b15b18b5038157,2018-03-06T13:15:52.000+0000,248856,web,1,shopping_cart
007564b255e0475b9708fb7b50e9ba15,2017-09-26T10:37:06.000+0000,200612,web,3946,home
00759bdd41c34684bdc1eaf3bf064b1c,2018-04-11T14:57:48.000+0000,273930,web,3793,shopping_cart
0075e00eabdf4d68ac994f43f4a213ef,2014-05-23T05:52:41.000+0000,17921,android,2198,home
007613e2ab124a0c9e4baba162fa8c9c,2018-05-11T19:18:39.000+0000,276895,web,3290,home
00763dbde6c245af916a9828f584b516,2018-05-29T05:46:59.000+0000,286853,android,1067,item_page
0076872614ef4a82ab6cf64017871760,2014-03-17T08:41:10.000+0000,9805,web,2550,google_search
007689e3f344462f89f89feac0cf5706,2017-08-27T16:27:17.000+0000,226338,web,2372,shopping_cart
0076a28220744aaa9a36a7f28b365e10,2017-12-10T13:29:36.000+0000,233538,web,3529,shopping_cart
0076c608591f4a0ca312ab0e198411d0,2015-08-20T06:34:39.000+0000,76251,mobile web,3690,promo_email_click
007772a2f89b4b389d6100c01f358379,2015-04-29T06:56:42.000+0000,52411,web,2977,google_search
00778f66f8844a9cbe790d965e8e5ac0,2015-10-30T19:28:29.000+0000,79718,web,3623,item_page
0077cb95180f405aaa2de2c57a5def56,2014-03-05T08:01:59.000+0000,14447,android,2173,home
0077ce02f41644c595db1bdbbf3f73b5,2015-07-16T05:17:28.000+0000,59487,mobile web,3892,shopping_cart
0077d1f2420f4ddc9c7c53ac66ac4d14,2017-10-18T03:08:42.000+0000,232266,web,3841,promo_email_click
0078377c218441bca2f8141182656e2d,2015-06-26T17:25:21.000+0000,52940,web,635,home
007885bd834140658ac033d10e22802a,2017-10-05T06:34:40.000+0000,214748,web,3304,user_wishlist
007886feed4d41ba99389f15ee195160,2014-08-18T09:35:06.000+0000,33507,mobile web,1254,home
00792fce1d484742aaf5c32c1e10ce62,2016-03-20T08:36:17.000+0000,111414,web,3859,promo_email_click
0079c01f8f2249178a37354ef2664c60,2018-01-30T02:05:21.000+0000,238445,android,384,user_wishlist
0079fe7042e34b9e9df3f7a82c46eae0,2016-09-05T22:05:46.000+0000,123784,iOS,1934,shopping_cart
007a2a5a2fbc46449d2b714d172b6a27,2018-04-17T18:22:28.000+0000,275133,mobile web,630,promo_email_click
007a3269adfe47a2a44791f4d57d0122,2017-06-15T02:52:12.000+0000,205264,iOS,47,home
007a792a8cc146a4a7c4a855e668b999,2015-10-18T13:34:02.000+0000,71110,iOS,2854,home
007abcab439b46dba220517906b2d870,2015-05-27T17:20:29.000+0000,61965,mobile web,492,home
007ae941dd674778a5aa095f47c31935,2017-11-25T23:37:04.000+0000,221183,android,3209,user_wishlist
007b237ec6744eb59e263da625e79c15,2015-10-26T06:23:54.000+0000,74430,web,3415,home
007b2672140e42bf8a8e058c3c67bbed,2015-08-08T12:58:22.000+0000,58607,android,2215,user_wishlist
007b281986ea42269f99065623e49684,2016-07-04T15:32:20.000+0000,137796,web,3702,shopping_cart
007bbb569d394adc871c789c9a94a20b,2014-09-30T05:57:03.000+0000,30916,iOS,3653,home
007bebc6abe14e93b0f19e7a65e15fc6,2018-07-08T17:11:38.000+0000,276781,web,3179,google_search
007d3134bf7f43eebafe761ec35ff475,2013-09-12T08:14:44.000+0000,5228,web,3965,user_wishlist
007d33f9d4c64506b515d998e6f0073c,2016-05-03T09:18:18.000+0000,116665,web,23,shopping_cart
007d3b7a7f7c4d59bbc51ca60dda6c1d,2017-06-18T13:24:32.000+0000,204115,web,1097,google_search
007da1165b4c4174aecf522ed206204a,2017-04-02T08:08:55.000+0000,190684,iOS,2105,home
007dacf5cc3a46a386d07ebe889d0ee0,2016-04-13T22:12:26.000+0000,94434,web,2963,shopping_cart
007df4c96f35425a9f4f4f4d5378b3b9,2015-10-07T12:26:41.000+0000,74320,iOS,333,shopping_cart
007e2588a162401eb9e705af870b68b3,2015-05-04T07:29:23.000+0000,62769,mobile web,528,promo_email_click
007f0a7a379a4b3eb1c89c44a2bc5611,2016-02-14T21:49:32.000+0000,100070,web,1797,user_wishlist
007f5e1a4a7d40f68e476baa0b916f9d,2015-12-12T17:20:37.000+0000,98523,mobile web,3459,home
007f6e1f02494171822b70c5a3172715,2018-01-22T03:58:56.000+0000,247195,web,2464,home
007fc0260ce74fa28e9231ff50949d6b,2018-10-04T03:59:07.000+0000,290431,web,3599,home
00800ad682e141dbb7f41c4c64747908,2016-10-15T09:05:36.000+0000,144965,android,1422,home
00802c5ef4cc480d8e38b41501c6c21b,2015-04-07T04:16:46.000+0000,40938,web,2157,shopping_cart
00805214bf8d4e9096076e5d8c5d92ee,2016-04-28T15:26:25.000+0000,117350,web,3239,user_wishlist
00806efd132848f38b6119dec2bd4422,2014-11-30T01:33:40.000+0000,34536,web,3630,promo_email_click
0080a5fe111147a6b42d522259f744a5,2016-02-11T12:27:19.000+0000,105895,web,3271,home
0080bb0dc70849878ec48db1796c1d97,2017-04-22T18:28:22.000+0000,199701,mobile web,3464,home
0080cb3a9ff64449aec264adf3aab294,2017-12-11T17:03:20.000+0000,234212,web,1713,item_page
00810a6f4dfb4347819fb7c35213c6c0,2017-03-13T00:16:41.000+0000,150096,web,506,promo_email_click
008127da2b2d4cf79b64b0d152c0291b,2017-12-20T11:16:29.000+0000,248977,web,2795,home
00815525cd704b6b8f720cec23f4f89f,2015-11-22T02:16:39.000+0000,101069,android,1981,user_wishlist
0081920e2f1e45568427b947d4c09393,2015-12-01T23:26:53.000+0000,79775,android,1103,user_wishlist
0081b64152a045acb661d5418c727561,2015-02-09T23:47:28.000+0000,42518,web,2746,home
00825bd76c034d9d8e8ed1b497b88bfb,2018-01-06T20:07:32.000+0000,249849,mobile web,2666,home
0082828735bb4bdcb321b41570acf5cd,2016-12-18T09:43:29.000+0000,169445,android,2875,home
0082dad12a974e7687ae1b2c8de0a916,2018-02-23T22:05:00.000+0000,254997,mobile web,180,home
0082e40fc2904451a8caa8ed5ae9ccc8,2018-03-21T14:10:27.000+0000,263156,web,3063,item_page
008335e6c8d8478996768673988a06c2,2015-05-15T06:22:31.000+0000,62199,mobile web,876,home
0083386aa9bf4f77ae6e9f372b050df6,2016-07-08T21:18:39.000+0000,107631,mobile web,2308,home
00835415819d49cab3a95182e3e07606,2016-01-11T01:11:37.000+0000,106734,web,2651,promo_email_click
0083be5e20a642c4997f502c2762a6f2,2014-09-07T07:21:08.000+0000,37860,web,2009,shopping_cart
0083c469ce6a4a73a3019329d0f2d3c5,2018-04-08T18:24:19.000+0000,277523,android,3968,user_wishlist
008410af2ce24e52a93f1e9397d74b7e,2015-04-09T16:35:33.000+0000,58808,web,2453,home
008461c8b435458a8165921feb43f18e,2016-08-23T03:46:36.000+0000,123909,mobile web,1623,shopping_cart
0084688346644c448635ce7dd31f7613,2018-09-28T08:08:58.000+0000,298558,iOS,1268,home
0084eaf85b854fb9bf582366e8ba7099,2018-02-23T00:33:47.000+0000,248023,web,3017,home
00852c42b1a84f6e9ac9f9fc0aaf7609,2015-11-22T21:30:50.000+0000,91206,web,3159,home
0085dd6089894de79a5ea3eadd51d477,2014-10-20T13:57:37.000+0000,36836,web,487,user_wishlist
0085e14151cb4cb797b25a135cc49ac1,2013-07-28T07:00:14.000+0000,1889,android,2308,user_wishlist
008638cfc65b48f3a62cc526ccaed315,2017-04-27T05:26:08.000+0000,187630,iOS,406,shopping_cart
00866518ad03477fa7c11baa304803f5,2017-10-15T12:30:56.000+0000,226382,web,441,item_page
0086b43e2e8c47d59b7de839b78e43b7,2014-11-20T10:42:18.000+0000,32201,android,12,user_wishlist
0086f23c228949d0911214df05fc78a6,2017-07-27T08:03:37.000+0000,221648,web,2413,item_page
008838021a2647b7a9cc39100ad654df,2016-06-02T11:47:36.000+0000,112106,web,844,home
008862c0dc5c4a619b6d37cf0f695200,2017-02-19T12:48:48.000+0000,170496,web,209,home
00887406f8254301baec9aadc1743d0c,2015-06-07T17:52:29.000+0000,59956,iOS,475,shopping_cart
008890e96f6a450ea0b07560b6753adc,2015-10-01T01:09:59.000+0000,71044,iOS,481,shopping_cart
00889c80e53a41668f8163942393302c,2016-12-18T04:03:46.000+0000,142399,web,2065,home
00893e43f53b4787bd6325e6a3f6803d,2016-05-17T21:08:40.000+0000,122678,web,3278,user_wishlist
0089ce3197fa4aa4b5c55bd6017e9353,2016-02-03T17:38:05.000+0000,106399,web,1505,home
008a7863a47a400caf062e5a7547815a,2014-07-11T05:24:38.000+0000,15392,web,3563,home
008a89d82beb4170821c984710c3eb8b,2015-05-08T08:23:39.000+0000,52794,web,3866,home
008aacf83e8149c1b53932d4991a53bc,2017-12-16T15:57:17.000+0000,234945,mobile web,1852,home
008adbae5d714c97a4a4cfc694da05c2,2014-05-16T12:02:06.000+0000,24515,android,898,user_wishlist
008b013582cc4f2089e9c9caade42dfc,2015-02-08T18:33:18.000+0000,34237,web,3515,home
008b37e05b754c0e970a2e39f2c02fa1,2017-11-18T09:45:11.000+0000,250050,web,2496,promo_email_click
008b40cf88884ab18ab82b9bcc7a1046,2015-07-17T09:38:13.000+0000,73080,web,3992,home
008b6de584a840708272f71ac7546fe1,2017-08-30T17:18:45.000+0000,208580,web,465,item_page
008b6f6ce9194646b195340543060180,2017-10-02T02:51:38.000+0000,205126,iOS,320,shopping_cart
008b8f177ee3419c844966e4ff986ed0,2017-12-22T02:53:40.000+0000,257150,web,556,home
008b96da77b7493b8e6d70ec7cf885c3,2017-05-29T17:01:48.000+0000,197298,web,1215,home
008c0c34bb2744e4b5d109891f51b60a,2016-01-09T16:34:13.000+0000,86795,android,1928,user_wishlist
008c608213374fc2b909d64556858c4b,2016-12-25T12:35:09.000+0000,150711,mobile web,1246,shopping_cart
008c7a21e6b746ef8b7a3a1541cb37ca,2016-07-25T02:30:48.000+0000,127031,android,3384,item_page
008ca429acfc48cb94c87971662811cf,2018-02-01T21:36:20.000+0000,227685,mobile web,3777,promo_email_click
008ca53b701c44c099428260191b6be0,2015-05-01T13:31:42.000+0000,60873,mobile web,214,shopping_cart
008cfb3a53d2409db1b765b6d74383f3,2015-03-16T12:30:58.000+0000,59817,mobile web,3402,promo_email_click
008d069744cb4b0e8566bd19d264f25f,2016-07-10T13:42:38.000+0000,133471,web,1961,home
008d32f54c584aba8f722f1d597b3724,2014-04-29T05:02:57.000+0000,9726,web,2448,shopping_cart
008d5fd2fa994527bdc42b98f80f06a7,2018-12-11T14:23:55.000+0000,297657,mobile web,3937,home
008dc285d38c4058b97f59a92f2591b5,2016-02-17T14:20:55.000+0000,88871,android,1612,item_page
008dd974a16947a2b26d9f195058aaff,2017-09-27T20:59:29.000+0000,194177,android,3151,home
008e2956ce6b486a83136caae70cde62,2016-07-29T23:20:41.000+0000,133479,mobile web,2448,home
008e29e3c91948c0aa4b553ffe5e58dc,2013-12-15T01:26:04.000+0000,4505,android,282,item_page
008e5e8e4f2c494193763a88f3567d2a,2018-04-27T20:42:23.000+0000,248503,web,2756,google_search
008e788f78394b1488306a0b180d16c2,2015-07-18T14:46:31.000+0000,78971,android,150,item_page
008e7a7a137148b9a9b10f0a30ad542a,2016-02-19T22:27:32.000+0000,93080,web,541,home
008f0a78c3a549448bde523e61e23bdc,2017-06-14T15:33:15.000+0000,178323,mobile web,2977,shopping_cart
008f2d4f78714058b5bdc1fd4d0e1131,2016-02-27T15:50:55.000+0000,103911,mobile web,1637,shopping_cart
008f4076d325441da36d00ccd3a07ba9,2016-05-30T17:48:33.000+0000,132525,mobile web,1269,home
008f59c48c4a435696ad861c5dffa89f,2016-06-06T22:11:32.000+0000,109144,iOS,1068,home
008fd8045e0046628d40472999ebaec9,2015-10-09T21:13:59.000+0000,68271,mobile web,7,shopping_cart
008fe80378c84677a9c59e5e8737d616,2017-12-02T22:36:34.000+0000,231354,web,519,home
00900cc48ff746cb8c772a25ab19e68b,2016-05-01T02:01:37.000+0000,108613,web,2590,home
009027862b9a43fa8b2212751aa9a3ae,2018-10-17T09:11:06.000+0000,290632,iOS,565,google_search
00903516642f49eb9eef841d35571e9c,2018-07-17T01:46:59.000+0000,281662,iOS,1369,shopping_cart
009071278a204113ba2d7fffebb7877f,2016-01-04T17:29:12.000+0000,105240,web,917,promo_email_click
009094097c854c7f8141320c37a891fc,2017-07-23T05:17:44.000+0000,202033,web,1114,home
0090e63040ed4772a36be506f5cff915,2015-08-26T00:01:22.000+0000,77999,android,240,item_page
00910f19e4414ae5bb90c687cb95d151,2018-11-30T13:47:58.000+0000,294832,iOS,720,home
009123c4032a4049a2eac297cb78209a,2018-03-01T09:19:05.000+0000,249390,web,1505,home
00912c899ee44280a8b466b322628555,2014-09-20T04:42:47.000+0000,23722,iOS,1229,shopping_cart
00918e90fe094c2bad57518f7bf377c5,2017-12-15T03:54:44.000+0000,248670,web,3870,home
00918fdfeef34cd3ba53de300222ad2a,2017-04-23T15:57:54.000+0000,199458,web,3084,home
0091a75cad034d64b539ba0028f3e1c8,2018-03-03T21:12:00.000+0000,238473,mobile web,3538,home
0091b127927b4924862cc4c00660666b,2017-07-27T05:29:04.000+0000,205867,web,1150,home
009242b2def2422380409af9ca0303e3,2017-01-12T03:09:24.000+0000,180297,mobile web,2719,home
009292d783d249a98abd89f3d19027fe,2017-08-24T07:39:15.000+0000,194508,web,1562,home
0092b05db95f4db29add79bb1b91965d,2016-12-27T22:13:23.000+0000,168366,web,1240,promo_email_click
00932b8107fa4a23b90e2346393cca92,2017-05-23T23:30:47.000+0000,189817,web,3564,shopping_cart
00933d499c384a5cb052dab7c594d39e,2017-11-02T12:28:32.000+0000,216871,web,830,shopping_cart
0093975fbc9047e7a93492a15066ce3b,2014-05-31T14:22:15.000+0000,20893,web,1973,google_search
009399f0dbb24300a9339f2e0afe4e58,2016-08-23T08:13:43.000+0000,135249,mobile web,1676,shopping_cart
0093f018e3834044b22269bac2a57500,2015-09-19T13:27:42.000+0000,64203,mobile web,3260,shopping_cart
009404c3eb3344f5b4e10a157517b5d1,2018-09-28T02:45:08.000+0000,278251,web,1825,shopping_cart
00940a55d2b844049fa4c9d18a74999c,2017-06-17T16:31:18.000+0000,210017,android,3651,home
0094302262914537ad9d4837598a7069,2015-01-04T11:45:34.000+0000,44806,iOS,1210,google_search
0094a4555b954a42b03e2cccf96acb63,2016-03-22T06:33:59.000+0000,121017,mobile web,461,promo_email_click
0094f2d39dab4d32b753e8ee505cf8db,2016-08-14T03:11:37.000+0000,145889,android,2144,user_wishlist
009503004b344886a43f6b8e8fcb666e,2017-08-18T04:26:20.000+0000,200535,mobile web,2588,shopping_cart
00959c20317642c0b718329e91341be7,2017-05-15T05:21:55.000+0000,189788,web,2575,item_page
0095af25f052498298269d32c1f398ff,2017-03-24T08:58:21.000+0000,160023,mobile web,3254,promo_email_click
0095ccb884ed443caee7e35eb53652df,2015-12-20T22:11:42.000+0000,95293,web,1690,home
0095ff4ad6084bd5a758f8f5c4071116,2017-09-29T12:52:49.000+0000,213524,web,1804,user_wishlist
0096305c1410408297f00c9c51190815,2016-03-12T00:41:48.000+0000,94513,web,3165,google_search
0096a97484ba45e9b294c8f1591522c6,2016-06-03T08:48:17.000+0000,101832,web,2232,shopping_cart
0096e336f8954b9f9e2b4b6079ea9e31,2018-02-20T02:10:00.000+0000,259197,mobile web,3637,shopping_cart
0096f76732f54343bc30df07ea1a8733,2018-05-23T03:36:27.000+0000,271016,web,3053,user_wishlist
0097457cc46b4076b5d28c4a4a469d10,2015-07-01T16:04:28.000+0000,52320,web,2260,promo_email_click
00975982385c4fbf9ee5eb48afd93435,2016-12-06T18:23:25.000+0000,157141,web,143,home
0097c64b5c7e44cb8c28121947f296ff,2014-07-08T02:58:26.000+0000,19122,web,1322,shopping_cart
00981ac97cfe4f0a8e95040ccbde2874,2015-10-18T02:06:27.000+0000,83054,web,3710,home
0098748b0814413fa0f96abb88ac05f7,2017-10-23T23:19:32.000+0000,235216,iOS,826,home
0098ac48ae4a4db895d1e963ca95024c,2014-04-18T04:05:16.000+0000,11904,web,3983,shopping_cart
0098e357a2be4fa5bf7f1edcf54690ee,2016-09-07T08:06:43.000+0000,134319,mobile web,3838,promo_email_click
0098fefcb10e4ab9996bf1c308b948f1,2018-07-18T07:06:47.000+0000,274947,mobile web,2768,shopping_cart
00999f0e24794fd1a71cce4c8b0b65f9,2015-10-29T13:52:36.000+0000,78059,android,97,home
00999f9057304441ab116e813554184f,2018-10-31T19:33:08.000+0000,289994,web,2492,item_page
0099efa7907b4c5680502c9380cea1d7,2016-08-15T04:29:20.000+0000,127757,android,3044,home
009a2399898b4db8b9e7806d5f58d341,2015-10-08T09:18:41.000+0000,74320,iOS,3039,shopping_cart
009a5ba184884539ad56c6733bc85d7e,2018-03-04T22:38:07.000+0000,235820,web,2456,home
009add1cc3444bc7ad045f367914900c,2018-07-09T10:19:48.000+0000,266897,android,2835,home
009bb74a0e4f4b95a2a0546f12968617,2017-03-22T05:14:19.000+0000,156141,mobile web,2417,home
009bbdcfce694f27842fd509751609e2,2017-05-04T14:31:15.000+0000,186199,web,2812,shopping_cart
009bd4409dc04efcbe86f2308568ce3a,2017-05-01T17:16:31.000+0000,200651,android,2989,item_page
009cc12fd7fa4dbf8ceb857bc2903a4e,2015-04-24T03:25:26.000+0000,62930,web,3423,home
009cf320edbb441ca52c51d65b9fba26,2017-01-05T03:33:01.000+0000,140019,mobile web,3887,shopping_cart
009d1c41d9374c7a9823d62369b51c6e,2016-06-17T18:19:35.000+0000,133529,android,1049,item_page
009d1dcf53474057bc2738726a2142e1,2017-03-14T12:54:16.000+0000,181396,iOS,1267,home
009d229bf34e436fbd928a3720ea2559,2017-04-14T18:32:11.000+0000,164321,android,207,user_wishlist
009d3c5fd15f4821b42e309e086814f7,2016-10-10T22:00:23.000+0000,153992,web,152,home
009dafd988b447098348ab527f6dce15,2018-03-07T18:08:36.000+0000,274165,web,1473,shopping_cart
009def0cc3c341cb82f11d72aacb78e4,2017-05-31T11:05:48.000+0000,197298,web,1849,home
009df4684af344ee84035466cac28fe2,2017-07-01T10:55:41.000+0000,176627,android,3524,home
009df8a56ab642eaad45ebe0330efa10,2016-06-13T17:37:20.000+0000,134801,android,3146,user_wishlist
009e18804a764258a0b71a74deebcb0b,2015-04-20T01:49:31.000+0000,47152,iOS,2291,home
009e19515ced4de88b36c8262345424c,2016-09-24T16:15:45.000+0000,136023,mobile web,1524,shopping_cart
009e9e3575804744bd2a46aedc43c592,2014-12-27T20:09:02.000+0000,32579,android,2772,user_wishlist
009fcbb9df1940c1b342867a6a030b87,2017-03-01T14:47:35.000+0000,163559,android,795,home
00a03bdbc138413fbdab2aea9e3518df,2017-08-09T16:35:17.000+0000,215791,web,3439,shopping_cart
00a0c5a8ddeb463eba257885bd79d36c,2018-01-29T07:03:15.000+0000,229568,web,1802,item_page
00a11194a62e467db6571771cf12cb60,2016-07-17T17:05:48.000+0000,115345,web,322,home
00a1b390ff244d44aed784dfc91586d8,2018-06-10T07:29:05.000+0000,283270,iOS,1188,google_search
00a1b614137b4e31a05172616df842c7,2015-03-27T19:36:16.000+0000,62142,web,696,shopping_cart
00a1eae1ce724e40a240ea0d60e3d8d4,2016-03-15T15:19:59.000+0000,87892,iOS,729,shopping_cart
00a22fce5a0d423fb88af0a8fc64098b,2014-07-20T10:52:28.000+0000,16613,android,1551,user_wishlist
00a2387e57f44645b31a9fbf887c1cbd,2018-03-30T09:05:42.000+0000,248042,web,2498,home
00a23feff0fc4ffba6608448a0b1daad,2016-12-22T08:34:41.000+0000,167831,android,3167,user_wishlist
00a281c53a8440c9a1c7b9cb59d3d95c,2016-06-22T22:17:56.000+0000,114716,web,297,home
00a2fbe2289e40538b6814dcbc2a34ac,2017-03-17T21:01:01.000+0000,160100,web,3373,user_wishlist
00a33878a3e64401a153b3bd2e7920b9,2017-10-09T13:25:34.000+0000,196101,mobile web,441,home
00a37d119fa34b57975314407b38668b,2016-07-07T21:13:08.000+0000,123059,android,621,home
00a3a4209bad4c84a5c42631445f9b60,2018-09-29T14:54:38.000+0000,278139,mobile web,2150,promo_email_click
00a3c8cd88624b028436890e4a05d5ff,2018-03-18T11:51:09.000+0000,276560,web,3003,user_wishlist
00a3cb0a80104b94967e24d97345e605,2015-06-18T14:14:45.000+0000,51115,web,2946,google_search
00a3d358cf1e48659c54bc5a1b486328,2015-09-05T06:57:51.000+0000,74227,web,2951,google_search
00a410185a114bab83953d96b7c40de2,2014-04-09T03:23:39.000+0000,22077,mobile web,1680,home
00a41985d3f74a308dea0b95f9931e2c,2017-08-05T23:31:44.000+0000,188392,iOS,918,google_search
00a45cfb17794bff9cd012c95279f5d4,2017-11-26T22:44:52.000+0000,208360,iOS,3720,home
00a472e6c6a04c349d3f2d89c47812c7,2015-10-22T10:47:20.000+0000,92609,android,3099,user_wishlist
00a490977e5e4bd78089f42049d3f268,2015-12-28T09:22:03.000+0000,104978,web,136,home
00a49bc2ad8f412fbe68f0e273c0e590,2017-05-09T08:18:41.000+0000,168937,web,1377,shopping_cart
00a4a167ecd545279e2af825f08d7c2b,2016-03-13T11:37:31.000+0000,98103,mobile web,1565,promo_email_click
00a50ab0edcb4ff9a16537e1bfac7cde,2017-02-12T01:33:29.000+0000,182601,mobile web,854,home
00a5507b4ff14c1a883e993f169675b4,2016-10-19T17:16:29.000+0000,128504,web,1830,home
00a5c32ac3664fb3a9b4cdbdad41542c,2017-06-24T06:22:40.000+0000,177591,mobile web,2936,promo_email_click
00a5f200fbc844619ad68e4534c04dc9,2016-12-09T18:13:54.000+0000,137886,web,438,shopping_cart
00a61461625b4a04b53890ece10b9922,2016-06-15T08:15:13.000+0000,115407,mobile web,1357,home
00a614f72acc4b6d9a18a7d5700f9857,2016-01-05T05:44:45.000+0000,101721,mobile web,2451,promo_email_click
00a6217e6172406f8f664e9651b2a480,2017-08-06T16:30:46.000+0000,198525,mobile web,1988,promo_email_click
00a63a9f09e84bce9afc644f286a2232,2016-08-05T12:03:05.000+0000,122622,web,349,shopping_cart
00a6632851144eb397171ebd4783befc,2016-03-21T18:47:57.000+0000,96212,web,1692,home
00a674406db2435c8ee7bb1b811d27b7,2016-05-04T10:59:28.000+0000,105654,web,2746,promo_email_click
00a6d089558b477d8e24999f4e625840,2017-09-29T13:11:11.000+0000,207658,iOS,3513,home
00a7345f146a417abb2f663e164d71b7,2017-10-24T15:32:47.000+0000,199097,android,929,user_wishlist
00a766959d6749d2bbc9639c07d41593,2016-12-03T02:13:00.000+0000,136869,mobile web,27,shopping_cart
00a78e57c6244b4ea1e0210bad1e3c39,2017-10-07T21:11:09.000+0000,218243,android,2545,home
00a7e1280afe46128f38171b67f6e1e7,2016-08-02T14:58:28.000+0000,146632,iOS,3498,google_search
00a8931e5f594c0fb20a7bcfc388d146,2014-04-05T15:05:39.000+0000,17195,android,389,item_page
00a8a58011334155b9058635b0ee740e,2016-04-29T21:21:53.000+0000,101354,web,132,item_page
00a91218e0eb46c490f29ae2969a0fdf,2014-04-19T16:09:32.000+0000,12823,web,1979,shopping_cart
00a92db0d53f4975a240808a36ac7286,2015-02-12T13:36:05.000+0000,47670,web,1599,shopping_cart
00a97785d6674a3e829a812961159800,2016-01-26T10:20:46.000+0000,105709,web,1272,google_search
00aa93d186c94cb685c74bc199be96f5,2014-12-18T01:18:42.000+0000,30988,iOS,2835,home
00aafdcc5ba144ca959fad9b60787f2a,2015-05-31T09:26:27.000+0000,67919,android,1041,item_page
00abb069ad6d46a0935958fa6ab64b3b,2015-07-03T20:00:19.000+0000,66899,android,556,home
00abd684a2f046eaa271783f0168108c,2017-08-26T05:53:37.000+0000,216146,web,1453,home
00ac937c5f6b47ed8b83d9d1cc4a5025,2018-01-05T11:01:49.000+0000,227713,web,2563,google_search
00ac9812c5ca4332a67a494829eaa75b,2016-05-31T02:58:09.000+0000,131231,android,3808,home
00ace65d022649fe9c86217c81ad379e,2016-02-27T12:40:15.000+0000,119208,web,768,promo_email_click
00acf18510d84e059ce343888b6bd3d2,2018-02-08T14:40:32.000+0000,250586,web,3260,user_wishlist
00acf4e8e46e407c8d18c770e7b833e2,2018-05-19T18:53:12.000+0000,268484,web,2550,item_page
00ad5991a1e94b20be94dcd40d4d0b36,2018-02-09T14:18:47.000+0000,227652,web,1930,shopping_cart
00ad82ef671041e78cbafd9a99b7e900,2016-12-02T01:51:16.000+0000,156464,web,461,user_wishlist
00adc3d49b8f474dba1ee59e8c7d41b0,2017-01-11T07:35:00.000+0000,155006,web,1838,user_wishlist
00ae6cd02fa74b7587288eeae8277d4d,2017-08-08T03:55:31.000+0000,214800,web,2603,shopping_cart
00ae74cdf169409a9410ebd39678157c,2014-12-12T00:03:17.000+0000,39085,web,178,shopping_cart
00aeeccee4174716b43d4928d7a01291,2017-07-20T04:06:55.000+0000,176682,web,2115,promo_email_click
00afa27f100744dca40079fc4a1425ab,2018-06-11T17:08:13.000+0000,294681,mobile web,2425,promo_email_click
00afd79d61764837a590055781ac96cf,2018-06-18T18:19:25.000+0000,256408,iOS,2204,shopping_cart
00afe5c50ab349c1abbddb818a58f11d,2016-11-19T04:39:25.000+0000,142461,mobile web,3013,home
00affc68f3af4b8290b69ca7970d729b,2013-08-14T19:05:55.000+0000,547,web,2079,shopping_cart
00b03a2b7352443fb12911cfb318fb5e,2017-04-20T21:34:49.000+0000,165184,iOS,1946,shopping_cart
00b064674f46483dab63c5f2d3795a53,2018-06-09T03:33:23.000+0000,277086,web,691,promo_email_click
00b06e1076c84c63a41e53d967e4a1dc,2016-04-17T00:39:32.000+0000,120626,web,2921,user_wishlist
00b0b8fc338b4c258295e9b8992d6336,2016-10-29T12:34:45.000+0000,125268,web,3278,shopping_cart
00b0d68d6bf64c6eb47ff514e0ad80f5,2014-12-29T23:04:03.000+0000,51347,android,2844,home
00b0d9f58b1a4de1a01a9b11a289e0e9,2018-01-28T07:13:04.000+0000,228530,web,3418,home
00b0f29b74f74ec9a909e57957befc77,2014-06-02T10:00:47.000+0000,17186,web,1862,item_page
00b0fe7fef8748eba37951186a8c68cc,2017-12-04T23:48:10.000+0000,251753,android,1237,item_page
00b11de2083445969e0fc2ebfa9f02b2,2017-04-25T02:51:20.000+0000,201083,android,1981,item_page
00b14045250b499e9833148bffbb6e71,2014-03-30T22:13:30.000+0000,22032,web,3041,home
00b14538d6f0449ba8d9d421b85381eb,2016-10-21T09:37:25.000+0000,130857,mobile web,2292,shopping_cart
00b162fc4c5c4cb3897b43807a68753a,2018-10-02T00:34:23.000+0000,295363,web,2357,home
00b1c0ce538a42f8ab410d7f91de20cb,2015-03-08T12:31:30.000+0000,46694,web,351,home
00b1de3f1d204357853d5f3aaf5e64a2,2016-03-20T23:23:58.000+0000,96725,android,3651,home
00b226c675cc409b853e46bd3d9303c2,2016-10-10T01:31:07.000+0000,126656,web,737,user_wishlist
00b27449dc464fa284b0f0959cf44046,2016-03-17T21:53:37.000+0000,120294,web,1572,home
00b27c7eb0724448b86210e185df31f6,2015-10-29T16:15:41.000+0000,79407,mobile web,1738,home
00b2b1a1869d4600b88aa86593dba6bf,2016-10-12T07:16:28.000+0000,158626,iOS,1808,home
00b2b55688454b3d9dd20903096090dc,2017-01-12T03:03:22.000+0000,174010,iOS,3871,google_search
00b323144e3049d7b111c589cd3edb10,2016-06-20T18:25:15.000+0000,133245,mobile web,3772,home
00b370f8661e465b8a91fdb33cfb4dcb,2016-04-17T18:45:12.000+0000,123191,android,2332,user_wishlist
00b44b85e1a041e59b2249280c29dac5,2017-07-18T07:30:10.000+0000,191826,web,353,home
00b469fb8b6842499f1eb42b14b38028,2014-09-15T12:14:08.000+0000,22232,web,1047,home
00b4b8d0bf0243f88c050c2abb68f7d1,2016-05-09T09:50:21.000+0000,130861,web,841,home
00b6045940174f86aefefbe0b67eecb5,2015-04-04T11:27:19.000+0000,44711,android,2263,user_wishlist
00b657076d574f7c9614af1fedfb15ff,2014-05-24T10:07:37.000+0000,13951,web,826,home
00b68686dc53483a98424e2d2e39554c,2016-04-04T12:01:05.000+0000,97000,iOS,569,shopping_cart
00b6ec2b25a64143a8b20e91d0f4b64e,2017-10-18T17:36:03.000+0000,239649,mobile web,3044,shopping_cart
00b6fb3bc69a47a189eea60ce3561ff1,2016-12-26T11:50:27.000+0000,139216,iOS,2446,google_search
00b7a240154449e2bd78fa95cf05b686,2016-08-05T05:33:22.000+0000,120720,web,334,promo_email_click
00b7a9f467c5416da98781e23b37a138,2018-10-29T04:47:11.000+0000,299558,web,2192,home
00b7e59da54141afbbbe8ed022e18562,2016-05-15T07:59:09.000+0000,113534,web,2499,user_wishlist
00b7ff72f0d848b0a46a93579608db0c,2017-07-22T02:13:54.000+0000,201106,iOS,415,home
00b8111e182448e18845e751d6563dd3,2015-06-26T13:48:18.000+0000,72048,web,1261,promo_email_click
00b81b6ccfbe434b85004fae03c42bc8,2015-01-11T11:08:06.000+0000,32659,web,2848,shopping_cart
00b82409f79146f489b27ee52d12d4dc,2015-04-03T11:13:42.000+0000,47726,web,806,user_wishlist
00b8254ecbd14a448a90c4be0d5cdb18,2015-08-09T06:38:39.000+0000,68499,mobile web,3176,home
00b87af4de9b4465810a91b901d1311b,2015-02-13T10:18:12.000+0000,47824,iOS,2286,shopping_cart
00b883fc904b4e619a36a88d9f8350d7,2015-10-03T10:30:44.000+0000,91300,iOS,1042,google_search
00b8936dcbae4a678879af78e97dc59b,2016-07-18T06:38:01.000+0000,126433,web,2672,home
00b8bc09de4542c9a2b8331223076a85,2018-01-21T16:57:36.000+0000,258392,web,2745,home
00b8bd089ba342e58f5284c0e3365594,2015-08-01T10:50:01.000+0000,65118,web,2447,promo_email_click
00b8d2cb07274d0bb816a0bede6f3d4a,2015-09-26T02:05:18.000+0000,61865,android,250,user_wishlist
00b8f1ab9d5f43aabda71f3a4263f20e,2015-01-22T02:40:35.000+0000,52332,web,2652,shopping_cart
00b93f3a7d3d467aa95de2afa7cd7c02,2017-10-19T05:54:44.000+0000,229050,web,2105,home
00b943fd37f64458b722541ccd94c48a,2016-09-15T14:30:17.000+0000,120558,web,2192,promo_email_click
00b970aa27ee4cc4b38bcdd2e762096e,2018-02-16T09:49:22.000+0000,235805,android,2098,item_page
00b9af17c55c4765bc1b9efcccf79bde,2016-03-29T19:14:35.000+0000,119287,web,2104,home
00b9b63d0d1b4b578c8919b0c5f78b5a,2018-05-02T10:01:19.000+0000,287117,android,3629,user_wishlist
00b9bd36b78942fabe1f1c5132bcc17d,2014-05-10T11:14:55.000+0000,11707,web,23,shopping_cart
00b9bdbefb4543a7929d105cd01d4bea,2016-08-05T19:48:09.000+0000,142516,iOS,3578,home
00b9d36911414f778149387d7025bc0a,2017-10-10T02:58:25.000+0000,195656,web,737,item_page
00ba18ffbb2a4eec9478d7a6134556b4,2017-11-29T22:10:35.000+0000,222182,web,455,user_wishlist
00ba4b728c2d4ca095b6b3a2030d67a8,2013-12-09T21:19:41.000+0000,8748,web,1692,home
00ba52ec2d6a489b978a7582861c616a,2017-05-20T07:22:08.000+0000,170337,mobile web,1322,promo_email_click
00ba6dd7ec8441a4afdd871f7fc915bc,2018-05-27T20:01:17.000+0000,246998,web,1213,home
00ba7689fa11483ab6dd700fc9d0e654,2016-05-18T05:12:32.000+0000,111137,android,2812,item_page
00baacd2e6d74910ac1f82172d8bdccd,2015-06-07T15:56:55.000+0000,58883,android,2214,item_page
00bad449ad964b07be9b5324dd749b2e,2018-07-01T15:08:32.000+0000,269896,iOS,105,google_search
00baf3ea2160464f97416dafaf4eec2c,2018-05-30T19:50:31.000+0000,251180,web,1410,user_wishlist
00baf9adcfce4b72b9c65edc43f79bbd,2014-10-22T10:47:04.000+0000,36563,android,1296,item_page
00bb38c5ea3740bc8edea589fec016da,2017-12-08T05:19:12.000+0000,228551,android,2297,item_page
00bbac627d4b404ca36d6144adafad05,2015-11-08T03:47:49.000+0000,87519,mobile web,2241,promo_email_click
00bc268429114d4b938ad83704c3253c,2015-04-25T12:18:16.000+0000,68322,web,1686,promo_email_click
00bc476ce02e495ab6debd48cbd2aa7a,2015-05-20T11:13:27.000+0000,57712,iOS,1788,google_search
00bc5a8ea1104003a6c8cc9d92959ae3,2017-05-14T16:11:51.000+0000,161934,web,817,shopping_cart
00bc700257dc4fe2b264e2be8f659c9c,2018-03-27T03:10:42.000+0000,270092,web,3146,home
00bcc13ef6df41b5a1ad666609a5a3a8,2017-09-27T19:08:28.000+0000,207266,web,3302,item_page
00bcd9ab57c443f88a52650351719e81,2014-09-02T15:33:53.000+0000,23088,web,3097,promo_email_click
00bd129c4db3428ebdb5c2eb042a375f,2018-01-25T08:45:52.000+0000,229961,android,1343,home
00bd695458d24a4aa28d4cc0c55e6cd3,2015-08-02T18:59:25.000+0000,67770,web,758,home
00be089acfa24e09a8dee84087fd1eff,2018-02-27T12:59:17.000+0000,251468,web,3485,user_wishlist
00be54dc116c488186524980581425a8,2018-05-11T19:15:58.000+0000,266440,iOS,3953,google_search
00be70474b5b4a478e678f1e0db2e6be,2018-09-21T06:53:13.000+0000,289294,iOS,2227,shopping_cart
00be838300fb49f0a85eb5aad3a61976,2016-07-09T17:22:56.000+0000,110412,web,232,home
00bea6e84afc4a0383755198225e3e0d,2018-07-28T21:05:04.000+0000,297096,web,2043,shopping_cart
00beae9e11fa4fed91c9d932aec2a273,2016-05-11T21:44:09.000+0000,98632,iOS,557,home
00bed31dda9047bdae2a04331cf3c2b7,2014-07-01T15:58:47.000+0000,28620,web,935,home
00beec923a7d4b1da22ec4d57beee920,2017-12-09T16:45:14.000+0000,213207,mobile web,2904,shopping_cart
00bf5e4c79ce4ac883e91e1be645a2fd,2018-07-15T13:58:16.000+0000,284759,android,2959,user_wishlist
00bf60ddad4245629771f0a836f72593,2016-08-18T01:17:38.000+0000,117829,web,1369,home
00bf621449f44054bdcc14c771edfb62,2015-04-13T02:29:28.000+0000,52627,web,2341,google_search
00bf7a93d7814409883ae293345190d2,2018-06-15T01:44:31.000+0000,249287,android,1295,item_page
00bf990b71c349ffa66f274b54121bf3,2017-03-28T12:06:28.000+0000,192907,web,2219,home
00c04362826744eeb05b9231f48dff61,2015-03-22T18:41:36.000+0000,50788,iOS,1661,home
00c04d13d0834b78b5ea8ea74a3e36a3,2017-02-18T15:24:27.000+0000,174441,mobile web,2831,promo_email_click
00c050695b28429cbd1a00ac96b9cd32,2017-11-30T16:17:05.000+0000,243809,android,3962,user_wishlist
00c07c23b1724a22aa74b22500265c1a,2015-08-16T20:22:46.000+0000,70734,web,233,promo_email_click
00c16e4892c4408e9241edec82aa0a31,2017-09-21T14:29:01.000+0000,195206,web,3878,item_page
00c18f1b64cc4e8caf482e4804262c73,2017-11-22T05:45:03.000+0000,218641,web,2208,google_search
00c195daa98546bd850ac275f319608a,2017-05-15T03:33:20.000+0000,191039,android,2710,item_page
00c1a3e7b00e4ae3861ea6f61d24b998,2018-03-22T18:29:11.000+0000,274050,web,3250,home
00c1a5553e954f508a6c29932901147d,2017-09-06T18:54:55.000+0000,219445,web,1143,shopping_cart
00c1b7af0c1941059b76b53fe7e58645,2018-03-02T13:52:02.000+0000,274006,iOS,3117,home
00c1dd95987a4e7dad358ab41bdeb2e6,2013-11-04T03:19:05.000+0000,4101,mobile web,795,shopping_cart
00c235d4197a4f53ae2e3f8379dacfa3,2016-12-13T06:49:48.000+0000,146756,web,3074,home
00c23d55ee0844a39644ce20007e9b19,2017-08-24T16:22:09.000+0000,187305,mobile web,250,shopping_cart
00c2a11873a94e5e97917d62728bef07,2018-10-20T09:15:23.000+0000,293162,web,3117,item_page
00c36434000849e1984a9561e5b47948,2014-12-01T10:15:01.000+0000,32310,web,3581,home
00c3867c06b44809930c8121ddb7ebc5,2015-09-13T17:59:51.000+0000,83921,android,641,item_page
00c3ff07c1e64a0eb1946a8c0cd1274d,2017-07-08T04:31:18.000+0000,207523,web,2887,home
00c4cbb9b3b44b8ca16a39b95fbbdb11,2016-06-22T01:27:25.000+0000,107923,web,1494,google_search
00c4d9a5466645c091a761684ff6f13b,2015-04-04T15:56:02.000+0000,54050,web,1817,item_page
00c4e27d67a24a1a97bfcc01a9171529,2016-01-28T20:18:57.000+0000,105803,android,2635,user_wishlist
00c50e29b08b4f5b926984a6e78f8f9c,2014-12-14T14:32:59.000+0000,43860,web,2676,promo_email_click
00c5e5b83d074213b4c56e840735fa29,2013-08-01T13:21:58.000+0000,3683,android,2218,home
00c5f09216f945e19eb0bb3057dfeaab,2016-01-10T15:07:37.000+0000,89100,web,1536,home
00c617c8359b4d9f9c96c84c5d3f0518,2017-11-04T17:45:05.000+0000,211355,android,3994,user_wishlist
00c64175d48f46efb88be21c682cd215,2018-04-18T15:15:45.000+0000,275890,iOS,1185,google_search
00c64bc045cd4015bd9cff5d2ff2eb25,2015-10-29T05:39:40.000+0000,71141,android,2030,item_page
00c670b7c54f498d8645b55c79d0eb8e,2018-07-07T14:20:06.000+0000,269137,web,3846,home
00c68ee273c94834a1eb7a5dc84b9a5e,2018-08-31T16:21:17.000+0000,297640,iOS,1757,home
00c6a1ac9e6342509b9f26e1fb9e9bf5,2016-10-15T13:18:31.000+0000,140084,web,2887,user_wishlist
00c6a30e73284128861cf79c84a5fe06,2017-05-11T09:07:50.000+0000,168890,web,1366,item_page
00c6ff7a6baa4c94a002d33dc668a325,2016-03-24T20:19:16.000+0000,98891,android,992,user_wishlist
00c730668352439b8378d721eccabf16,2018-06-07T04:04:10.000+0000,276473,android,2441,home
00c747f0e7a044ee808c6a99808eef37,2015-05-18T07:09:41.000+0000,55309,web,665,google_search
00c7a4533fb04945ad00d4ee4cbf01dc,2015-03-17T01:02:48.000+0000,59421,mobile web,3520,promo_email_click
00c807629c74472088eea1ba64def2b8,2016-07-21T07:58:56.000+0000,112472,web,3744,user_wishlist
00c833816ce04f1481863017c85f957f,2015-02-15T01:07:24.000+0000,44676,web,1242,home
00c860286b004590bee67124cd5ef5fc,2017-03-06T07:36:52.000+0000,188294,web,2968,item_page
00c89cec7b3e41f0af505c0e88a14918,2017-04-27T22:15:24.000+0000,202424,web,1755,item_page
00c8a6e9fb0942ecb087b06defb4d0d1,2017-08-10T22:32:24.000+0000,193347,mobile web,3903,home
00c8e939b73e42f4ba7c1b66c42af8a0,2018-05-08T01:26:08.000+0000,271156,iOS,3932,google_search
00c9788452fe4e9791ea457c58ba8879,2015-07-03T14:51:22.000+0000,53300,web,1834,home
00c9c0195e6942bb91567b1e8182522c,2014-12-12T02:49:45.000+0000,29753,android,397,user_wishlist
00c9d236740b4a42bd3d8fc15eec9232,2016-07-19T15:05:57.000+0000,134869,web,1378,google_search
00ca022b5421436a90d13e0aa4575dab,2016-04-25T13:44:33.000+0000,95779,web,94,home
00ca08c46aa0432f8f37bbcf6fd8827f,2018-08-03T02:27:23.000+0000,289710,web,3534,home
00ca1e8988fc4673b6e997d6bd86e9b3,2017-12-05T14:57:11.000+0000,244170,web,760,home
00ca256f2b324525a58cd7046258fa4d,2018-10-15T06:19:47.000+0000,296541,mobile web,104,home
00caee05d9eb48789c41fcbe98095833,2014-11-13T20:17:33.000+0000,36873,mobile web,2805,home
00cb3f375a3844a6bdc6d90c52eb9bcb,2017-10-13T03:42:04.000+0000,227786,web,1838,item_page
00cb78deb2e8479fb9c5e5b4ec709d4e,2017-02-23T07:08:28.000+0000,162171,mobile web,3645,home
00cbba7c0d104298bd30d1321f2667f9,2017-12-03T05:50:46.000+0000,223707,mobile web,3336,promo_email_click
00cc2eb89ba84e0baae7b7aeaad15f64,2016-04-10T10:01:46.000+0000,108663,mobile web,3006,shopping_cart
00cca7a0e52841829aa04d710a3795b6,2016-10-25T05:40:29.000+0000,132055,web,2926,shopping_cart
00cce5ce1f324a3c95c0ecb854606f79,2015-07-14T20:31:17.000+0000,56532,web,3052,promo_email_click
00ccecc35f204c598e7154cc267ce74b,2017-09-12T12:24:49.000+0000,234068,web,1404,item_page
00ccf5720531456bb00659eba75ca943,2014-05-30T22:56:46.000+0000,18325,web,3525,home
00ccfc6eff5c42f1ac98c215c662dc59,2015-06-07T09:52:50.000+0000,49841,android,2291,user_wishlist
00cd0879a8204b9fb01b0f607cf941f0,2018-03-11T13:36:01.000+0000,264675,mobile web,2889,promo_email_click
00cd1217d70047e988e5234c112309bb,2018-03-18T13:19:54.000+0000,229794,web,494,shopping_cart
00cd2ab3d2a449a78cdb177d6eb44eda,2016-07-12T20:28:24.000+0000,131583,mobile web,39,promo_email_click
00cd91c62367454eb0133d063dfcbb23,2015-12-07T10:56:29.000+0000,97542,web,2857,home
00cd93d2bf7f45b4bedd12d5f25786a8,2018-07-26T16:15:35.000+0000,297793,web,1965,home
00ce086c8b6b49418700ef3af2d7bcd7,2015-11-01T16:11:23.000+0000,69221,android,920,home
00ce694e14534a369636499e1b94de8c,2017-09-25T01:38:05.000+0000,198095,android,3932,item_page
00ce6d541cfc41f3b5a8e3f6accfb4d5,2018-03-12T21:35:31.000+0000,272142,web,1598,home
00cea1f5d11f4c7cb2b437d5e6265ec3,2015-03-10T06:36:00.000+0000,42003,mobile web,1382,home
00cee135048444ecab6198a68eed8832,2016-05-05T14:53:23.000+0000,119319,mobile web,1655,shopping_cart
00cf3a7480794b89a7f2f0c1617176fc,2016-08-02T05:22:20.000+0000,125434,iOS,1350,home
00cf586522bc46989bd8bf9e12221e44,2017-11-18T23:18:15.000+0000,223760,web,3159,home
00cf5b5c7b5b4f8f94bbcfe8bb6cc072,2018-04-11T23:36:58.000+0000,265424,web,982,item_page
00cf7566af094fe78e15e689b791df4d,2017-06-13T08:52:22.000+0000,195367,web,1758,google_search
00cfbb22fb844bdca165ae3eecd353e2,2014-08-28T18:21:45.000+0000,30561,mobile web,3452,shopping_cart
00d003a1233a4d23869f87c1c26cd89a,2016-08-22T16:54:06.000+0000,152599,web,269,google_search
00d031d5be7b4014af7242b264c9c774,2018-04-21T16:28:51.000+0000,245355,mobile web,757,shopping_cart
00d04c64c131483d99888afd50d5594f,2018-02-02T10:19:45.000+0000,252328,iOS,190,google_search
00d04ebd52cb401889c5c0a40538be6e,2015-05-28T03:02:11.000+0000,57918,web,706,promo_email_click
00d05d2ac805445884733daf3aa33bfe,2016-05-18T11:22:48.000+0000,128415,mobile web,2867,promo_email_click
00d0721f19624cd48a3b3058bf4dc421,2016-10-22T11:37:46.000+0000,140078,web,3387,home
00d0894095ba47b68db8f33e0f751f36,2018-01-22T07:38:06.000+0000,246346,iOS,3509,shopping_cart
00d08ec065c94be7912352084202ff47,2016-12-16T11:29:30.000+0000,168565,web,3278,google_search
00d1364807f54ccb9100f7e8b353e972,2014-05-15T11:30:44.000+0000,15493,web,3132,google_search
00d1698f1976491ba9eac7ddaa01fc98,2016-05-29T08:54:15.000+0000,130375,web,427,home
00d17985438049a38fb2b9c942fa26e6,2015-04-27T09:06:53.000+0000,48493,web,804,home
00d192ba72814a2b84d2267f0cd663ea,2015-04-01T20:17:27.000+0000,53547,mobile web,318,shopping_cart
00d1b37ee84d43359f63d790b1da3076,2015-12-16T13:27:01.000+0000,85106,web,3563,home
00d1b60b9d5a4ee292418fe09a788708,2016-02-18T14:13:08.000+0000,107701,web,3924,shopping_cart
00d1ffd626d54655b8adb4dae8609fd6,2017-11-28T20:51:53.000+0000,205845,mobile web,1390,shopping_cart
00d202b8b1b844e187c97198506bdb68,2018-04-11T20:20:02.000+0000,247531,web,276,google_search
00d223318650462c99a4fdf159e91a65,2013-08-10T03:21:27.000+0000,4028,web,1400,item_page
00d25398ab804c99ab850b554f410036,2014-02-22T21:10:20.000+0000,18198,web,3212,home
00d291b16b784e7cadecf2f524a55b4d,2018-01-29T22:38:18.000+0000,241181,android,1494,user_wishlist
00d2c662c31645fd9038d355e302894d,2015-03-06T22:19:02.000+0000,38379,mobile web,2906,promo_email_click
00d329f51c574d29b949bc2dc5124c71,2017-10-18T06:54:45.000+0000,221550,web,1011,shopping_cart
00d36286478843b19c44d941ff24ec3f,2014-10-30T09:24:47.000+0000,31712,web,3226,item_page
00d39edf6ab04b37bf373af0d64e303d,2016-07-27T13:46:07.000+0000,122580,web,804,home
00d41e81727a4074b69e739ea4a03bb1,2018-07-09T18:52:26.000+0000,261227,android,735,home
00d433fc942a452b872f72395d398a1b,2014-09-06T01:06:08.000+0000,27285,mobile web,1688,shopping_cart
00d47afc9fc8441ab3ae160ab09ae1a6,2013-09-18T20:02:32.000+0000,1666,iOS,3101,home
00d49db9caa241569623e4a5928c3ba1,2013-06-25T21:56:27.000+0000,1437,mobile web,556,shopping_cart
00d4d0eac40b44089622eb8e2682dc12,2016-11-01T17:28:10.000+0000,141365,android,3134,home
00d5115bd4dd4419aa92c87ba9bf8f99,2015-05-09T10:18:05.000+0000,53423,android,2392,user_wishlist
00d5ff064772414cbd703d3cf7e6477d,2017-08-20T18:39:02.000+0000,227150,web,2738,user_wishlist
00d5ffca6ccb4057a53b159e23938f98,2017-12-31T00:45:14.000+0000,251553,mobile web,3756,promo_email_click
00d64226962848cd835257420ef86fd6,2017-06-20T00:22:45.000+0000,191605,web,3148,google_search
00d64ea21494494885f51f6794ab93c4,2017-10-12T00:33:32.000+0000,238850,web,3148,user_wishlist
00d65fae96c34829b37e6664b4243f25,2016-12-29T03:07:35.000+0000,160915,web,53,google_search
00d6b845f7bb41f39ad074b23a3b9436,2017-02-22T04:15:34.000+0000,155302,iOS,3152,shopping_cart
00d6cbc4cd354dd69ddb00a813f1142d,2017-03-27T05:43:32.000+0000,166980,web,747,promo_email_click
00d76de5ec764393970e64ec0fdfca02,2018-01-25T10:03:36.000+0000,221595,mobile web,418,shopping_cart
00d79af798b24c8791355504f3092eac,2014-05-08T12:03:44.000+0000,22646,web,2659,home
00d7b69fccd24e8f8995ce73cd5c2850,2018-06-26T05:55:40.000+0000,278985,mobile web,2843,promo_email_click
00d7c8f21d1e4266b84c504fed05f567,2014-11-26T22:58:53.000+0000,33845,android,982,item_page
00d7e072761e4076bc39515ec84e8789,2018-02-13T15:35:38.000+0000,264786,web,172,shopping_cart
00d8374124d44060908ed91888d4de98,2017-10-12T11:51:27.000+0000,201063,mobile web,1726,promo_email_click
00d839e82998410f87249d3b52680b55,2018-03-27T03:45:39.000+0000,251326,iOS,359,home
00d8a9988d934925adca20c3bda61417,2016-03-16T16:23:35.000+0000,113210,web,2922,user_wishlist
00d93cb591094ea9acf3f0606761f2e7,2015-02-26T06:46:22.000+0000,43798,iOS,1813,google_search
00d9c419838c45ae93f2232936a77c50,2015-07-08T12:42:09.000+0000,57087,mobile web,1164,home
00d9e6661ed94ddf8719f1c27f0a849d,2018-05-25T17:15:31.000+0000,274164,web,3014,shopping_cart
00da3621a4e64dd8a8a6e498b4a9b65c,2016-11-10T18:17:29.000+0000,158336,web,1794,user_wishlist
00da99ec349c430e9fa599937209ac03,2018-09-14T06:59:32.000+0000,290581,web,482,shopping_cart
00da9f141c8b485daced5befbca4df74,2017-10-26T03:20:29.000+0000,238688,web,2348,user_wishlist
00daadc4c77c47718a2578867a672f30,2016-11-12T19:03:53.000+0000,162780,web,2703,shopping_cart
00dae1eca0874384a69e23fc3f6adb3e,2016-06-10T02:02:56.000+0000,124317,mobile web,1710,home
00db1938052640c29a09a51eb287135c,2017-10-16T05:51:25.000+0000,196992,web,480,home
00db27687d4c4b92b85be311bc47353b,2017-10-24T00:25:14.000+0000,227475,mobile web,3322,home
00dba48fff534bf28f090d0667f4de62,2017-04-20T12:43:19.000+0000,169628,web,3548,item_page
00dc070c2b814c42a23d90f2b17ebf19,2015-12-28T06:18:39.000+0000,96571,web,2926,home
00dc0a1e17ac44ea8419f21fa1c44b37,2016-10-11T02:04:55.000+0000,148448,web,3001,home
00dc12748e384db3947dd1d1e0b41aef,2017-06-17T00:18:53.000+0000,210993,mobile web,1963,shopping_cart
00dc3abbcb3246a4a3b4804858186aec,2014-02-04T21:30:15.000+0000,5487,mobile web,344,shopping_cart
00dc726df3da443bad673d6a6be95e7b,2014-06-19T16:21:59.000+0000,26512,iOS,2390,shopping_cart
00dcb352ecef44f0b1d1801d9caa9046,2016-04-21T09:10:04.000+0000,97654,iOS,655,google_search
00dcc49189fe403da2177d82f1671892,2016-02-15T23:29:50.000+0000,97922,web,2292,home
00dd114bc42049c2bd34dea14ee8e8f4,2015-01-18T21:06:22.000+0000,50008,iOS,3455,google_search
00dd289a443046f3a20e2db35a80715d,2016-06-29T07:29:56.000+0000,107506,iOS,575,home
00dda79975e24fe49b4f23e2350a3b24,2016-08-21T09:57:20.000+0000,139209,mobile web,725,shopping_cart
00ddb3241b83450e9038c5c9def15382,2014-12-31T08:17:52.000+0000,50496,web,436,shopping_cart
00ddc8a0933b48f38e6bdba64155b5a6,2015-07-23T11:56:34.000+0000,56491,web,1598,shopping_cart
00ddd50933d04bf396e00670840ce9f4,2016-02-28T06:13:56.000+0000,113114,web,278,home
00ddf7da0e5e4baa9f4e0f2c1c24d3df,2014-07-14T23:56:48.000+0000,21946,iOS,310,google_search
00de0046afe045cdbc0a3d3f297cad3c,2017-03-27T04:37:05.000+0000,191225,android,3252,home
00de33b1a3e74c779be68d0a9e7e5f75,2017-03-04T00:28:59.000+0000,165687,mobile web,1508,shopping_cart
00de4df60ec447718f9acedaef0d2de0,2017-10-11T01:13:19.000+0000,208278,web,1185,home
00de882fade4477280f1ce9ebc8ee603,2017-10-11T02:16:53.000+0000,240347,android,2626,home
00de8f044aa4467e95e94cab848241e8,2016-12-19T04:51:36.000+0000,164397,mobile web,2447,promo_email_click
00dea68eaf1f44fb8d901c0b33da2b13,2016-12-21T03:44:26.000+0000,169831,web,2704,home
00dee5327caa427295f28067b2d88bda,2017-08-07T03:34:09.000+0000,184063,web,259,google_search
00dfa17c6bfc46c1933e4ee1b75fc0d8,2018-06-22T22:51:30.000+0000,263744,web,3882,user_wishlist
00dfca8beaed473985c07c148f123adb,2015-03-26T08:10:24.000+0000,59653,web,1234,home
00dfcae0dc3845f7be405b86628e8249,2017-05-24T08:36:52.000+0000,167058,web,2749,home
00dfece13f1a400294ecc1f095aff046,2015-06-05T01:21:25.000+0000,71699,android,3212,item_page
00e036d4272a4ee3a77b81d7ef72d5c0,2016-08-04T11:17:02.000+0000,113763,mobile web,3024,promo_email_click
00e045d49c67474fbd6485af67a72bff,2018-05-16T07:23:20.000+0000,272395,web,2562,home
00e09cd4ce514e72994b1c00b0264bff,2018-09-14T21:06:10.000+0000,287807,android,104,item_page
00e14019c9844729a13c5439281d677b,2016-05-02T09:22:22.000+0000,118256,web,3276,item_page
00e1992c26fa4ee085ce2b9a3aa140bc,2016-07-17T14:22:03.000+0000,136377,mobile web,1508,home
00e21a0ce43640b2ae9f2389d65e76b8,2016-10-10T17:19:44.000+0000,129729,mobile web,3479,promo_email_click
00e2246079a04e888493db56c022d488,2015-09-12T08:08:55.000+0000,61260,web,855,shopping_cart
00e2ffc3bd064aeaac5e774b9e05e579,2017-02-19T21:01:28.000+0000,166303,web,1315,home
00e33845099849cc9c5d4ae46e978ada,2015-05-03T19:26:19.000+0000,50893,web,1603,shopping_cart
00e368838867472e9cc4c8c915b3ab04,2015-11-08T02:02:56.000+0000,75323,android,2659,home
00e36ca5710a4713b55624163a8d960d,2017-03-21T21:30:26.000+0000,176272,iOS,314,shopping_cart
00e37823f663474fb67a32cff8066c75,2015-11-05T00:04:12.000+0000,71456,web,2601,item_page
00e3af66999948b6902e8958319c8280,2017-06-05T09:13:13.000+0000,181451,android,1833,home
00e3bf80933a4208adc191d88bbd78ff,2018-07-23T12:42:22.000+0000,293952,web,21,promo_email_click
00e3ea8e7f6d435fa633b4acfcdb9fca,2017-09-03T10:29:36.000+0000,225013,web,2578,google_search
00e445e1e98d4a20b1742164f1a14e73,2016-10-19T21:33:50.000+0000,132384,web,3701,promo_email_click
